freq_hz,K,n_target,state,scenario,qfi,eps_min,n_actual,theta,split,method
10.0,9.529879754433946,2.0,coherent,lossless,4.000000000000002,0.4999999999999999,2.0,,,gaussian
10.0,9.529879754433946,2.0,coherent,loss_pre,4.000000000000002,0.4999999999999999,2.0,,,gaussian
10.0,9.529879754433946,2.0,coherent,loss_conc,0.9802201780656252,1.0100390874283371,2.0,,,gaussian
10.0,9.529879754433946,2.0,coherent,loss_post,0.3924272557233627,1.5963217035193837,2.0,,,gaussian
10.0,9.529879754433946,2.0,coherent,loss_post_07,0.13949844931109165,2.6774126441754564,2.0,,,gaussian
10.0,9.529879754433946,2.0,coherent,pn_pre,2.336375384537034,0.654227339675772,2.0000000000000013,,,fock(N=78)
10.0,9.529879754433946,2.0,coherent,pn_conc,0.05355485528795391,4.321162265216592,2.0000000000000013,,,fock(N=96)
10.0,9.529879754433946,2.0,coherent,pn_post,0.04955784449414165,4.492041870731154,2.0000000000000013,,,fock(N=96)
10.0,9.529879754433946,2.0,coherent,pn_then_loss,0.3654415842949912,1.6542114306479319,2.0000000000000013,,,fock(N=96)
10.0,9.529879754433946,2.0,coherent,loss_then_pn,0.053859331648925424,4.30893080545209,2.0000000000000013,,,fock(N=96)
10.0,9.529879754433946,2.0,sqz_vac,lossless,39.5959179422854,0.15891862259785103,2.0,0.0,,gaussian
10.0,9.529879754433946,2.0,sqz_vac,loss_pre,20.95135241165184,0.21847108675421295,2.0,0.0,,gaussian
10.0,9.529879754433946,2.0,sqz_vac,loss_conc,1.8364211500730192,0.7379277748464943,2.0,2.3911010752322315,,gaussian
10.0,9.529879754433946,2.0,sqz_vac,loss_post,0.7970650668979233,1.1200904958135056,2.0,2.7401669256310974,,gaussian
10.0,9.529879754433946,2.0,sqz_vac,loss_post_07,0.5027783520790875,1.4103006787043015,2.0,2.8797932657906435,,gaussian
10.0,9.529879754433946,2.0,sqz_vac,pn_pre,36.04376131636592,0.16656545958378527,1.9999998957484726,0.0,,fock(N=79)
10.0,9.529879754433946,2.0,sqz_vac,pn_conc,37.07321083559792,0.16423658250153525,2.000000000000004,0.0,,fock(N=259)
10.0,9.529879754433946,2.0,sqz_vac,pn_post,35.839681691637594,0.16703901796471726,2.000000000000004,0.0,,fock(N=259)
10.0,9.529879754433946,2.0,sqz_vac,pn_then_loss,0.36398443898167615,1.6575192902246998,2.000000000000004,0.0,,fock(N=261)
10.0,9.529879754433946,2.0,sqz_vac,loss_then_pn,8.543958278503235,0.34211367998447173,2.000000000000004,0.0,,fock(N=261)
10.0,9.529879754433946,2.0,cat,lossless,36.522705062589324,0.1654697199634403,1.9999999999999982,,,fock(N=78)
10.0,9.529879754433946,2.0,cat,loss_pre,17.073098331722353,0.2420158609446017,1.9999999999999982,,,fock(N=79)
10.0,9.529879754433946,2.0,cat,loss_conc,1.0123788364737978,0.993867458685683,1.999999999999997,,,fock(N=245)
10.0,9.529879754433946,2.0,cat,loss_post,0.391935965608208,1.597321881521026,1.999999999999997,,,fock(N=245)
10.0,9.529879754433946,2.0,cat,loss_post_07,0.13416280051764426,2.730133867235847,1.999999999999997,,,fock(N=340)
10.0,9.529879754433946,2.0,cat,pn_pre,33.527646731401504,0.1727024362629599,1.9999999999999982,,,fock(N=79)
10.0,9.529879754433946,2.0,cat,pn_conc,34.76020723279565,0.16961287728838592,1.999999999999997,,,fock(N=245)
10.0,9.529879754433946,2.0,cat,pn_post,33.04931408325062,0.1739477336721173,1.999999999999997,,,fock(N=245)
10.0,9.529879754433946,2.0,cat,pn_then_loss,0.36341788247452284,1.6588107960528937,1.999999999999997,,,fock(N=247)
10.0,9.529879754433946,2.0,cat,loss_then_pn,13.236219867161857,0.2748640957866943,1.999999999999997,,,fock(N=247)
10.0,9.529879754433946,2.0,sqz_cat,lossless,39.595721066854445,0.15891901768010458,2.0000000000000004,0.0,0.75,fock(N=78)
10.0,9.529879754433946,2.0,sqz_cat,loss_pre,20.95013444124688,0.2184774372492766,2.0,0.0,0.75,fock(N=79)
10.0,9.529879754433946,2.0,sqz_cat,loss_conc,1.1620408823050652,0.9276609948053706,2.0000000000000004,0.0,0.75,fock(N=259)
10.0,9.529879754433946,2.0,sqz_cat,loss_post,0.3925031558649166,1.5961673520200574,1.9999999999999718,0.0,0.5,fock(N=259)
10.0,9.529879754433946,2.0,sqz_cat,loss_post_07,0.10577507099742627,3.074739571824236,1.9999999999999727,0.0,0.5,fock(N=340)
10.0,9.529879754433946,2.0,sqz_cat,pn_pre,36.04361923495415,0.1665657878781246,2.0,0.0,0.75,fock(N=79)
10.0,9.529879754433946,2.0,sqz_cat,pn_conc,37.11025848576104,0.16415458228060073,1.9999999999999718,0.0,0.5,fock(N=259)
10.0,9.529879754433946,2.0,sqz_cat,pn_post,35.83942773356827,0.16703960978264015,2.0000000000000004,0.0,0.75,fock(N=259)
10.0,9.529879754433946,2.0,sqz_cat,pn_then_loss,0.36391818246437446,1.6576701709207393,1.9999999999999998,0.0,0.75,fock(N=261)
10.0,9.529879754433946,2.0,sqz_cat,loss_then_pn,8.698238887691494,0.3390660715606362,1.999999999999972,0.0,0.5,fock(N=261)
10.0,9.529879754433946,2.0,fock,lossless,19.9999999848,0.22360679783494958,2.0,,,fock(N=78)
10.0,9.529879754433946,2.0,fock,loss_pre,13.53569377124277,0.2718064383666306,2.0,,,fock(N=78)
10.0,9.529879754433946,2.0,fock,loss_conc,1.1266311449393478,0.9421262914034445,2.0,,,fock(N=169)
10.0,9.529879754433946,2.0,fock,loss_post,0.5166114579596514,1.3912910228584028,2.0,,,fock(N=169)
10.0,9.529879754433946,2.0,fock,loss_post_07,0.2914202343375864,1.8524229310243348,2.0,,,fock(N=340)
10.0,9.529879754433946,2.0,fock,pn_pre,19.9999999848,0.22360679783494958,2.0,,,fock(N=79)
10.0,9.529879754433946,2.0,fock,pn_conc,19.41119939260177,0.22697279967730152,2.0,,,fock(N=169)
10.0,9.529879754433946,2.0,fock,pn_post,18.104670567797513,0.2350199267617125,2.0,,,fock(N=169)
10.0,9.529879754433946,2.0,fock,pn_then_loss,0.5166114579596081,1.391291022858461,2.0,,,fock(N=170)
10.0,9.529879754433946,2.0,fock,loss_then_pn,10.63144908540145,0.3066929325331217,2.0,,,fock(N=170)
17.8,3.004573589138119,2.0,coherent,lossless,4.000000000000001,0.5,2.0,,,gaussian
17.8,3.004573589138119,2.0,coherent,loss_pre,4.000000000000001,0.5,2.0,,,gaussian
17.8,3.004573589138119,2.0,coherent,loss_conc,2.952634243781489,0.5819627318371093,2.0,,,gaussian
17.8,3.004573589138119,2.0,coherent,loss_post,1.9862379961302217,0.7095522102646399,2.0,,,gaussian
17.8,3.004573589138119,2.0,coherent,loss_post_07,0.9669285853349507,1.016957492269874,2.0,,,gaussian
17.8,3.004573589138119,2.0,coherent,pn_pre,2.336375384537034,0.654227339675772,2.0000000000000013,,,fock(N=78)
17.8,3.004573589138119,2.0,coherent,pn_conc,0.6816480532373705,1.211211262945638,2.0000000000000013,,,fock(N=80)
17.8,3.004573589138119,2.0,coherent,pn_post,0.3984687985037396,1.584173849095268,2.0000000000000013,,,fock(N=80)
17.8,3.004573589138119,2.0,coherent,pn_then_loss,1.4639017032078565,0.8265022533622362,2.0000000000000013,,,fock(N=80)
17.8,3.004573589138119,2.0,coherent,loss_then_pn,0.41490078368093647,1.5524866432410478,2.0000000000000013,,,fock(N=80)
17.8,3.004573589138119,2.0,sqz_vac,lossless,39.59591794226924,0.15891862259788347,2.0,0.0,,gaussian
17.8,3.004573589138119,2.0,sqz_vac,loss_pre,20.95135241165029,0.218471086754221,2.0,0.0,,gaussian
17.8,3.004573589138119,2.0,sqz_vac,loss_conc,10.057442298819003,0.31532341775388956,2.0,1.3439035240356338,,gaussian
17.8,3.004573589138119,2.0,sqz_vac,loss_post,5.798747044875307,0.41527225664850764,2.0,2.007128639793479,,gaussian
17.8,3.004573589138119,2.0,sqz_vac,loss_post_07,3.1553005192164303,0.5629627189508162,2.0,2.356194490192345,,gaussian
17.8,3.004573589138119,2.0,sqz_vac,pn_pre,36.04376131636592,0.16656545958378527,1.9999998957484726,0.0,,fock(N=79)
17.8,3.004573589138119,2.0,sqz_vac,pn_conc,37.93866351293287,0.16235250210171157,1.9999999975042446,0.0,,fock(N=97)
17.8,3.004573589138119,2.0,sqz_vac,pn_post,36.75364254311572,0.16494904535863913,1.9999999975042446,0.0,,fock(N=97)
17.8,3.004573589138119,2.0,sqz_vac,pn_then_loss,2.232543971305391,0.6692678904947124,1.9999999983501249,0.0,,fock(N=99)
17.8,3.004573589138119,2.0,sqz_vac,loss_then_pn,9.035594894737669,0.33267611743562014,1.9999999983501249,0.0,,fock(N=99)
17.8,3.004573589138119,2.0,cat,lossless,36.522705062589324,0.1654697199634403,1.9999999999999982,,,fock(N=78)
17.8,3.004573589138119,2.0,cat,loss_pre,17.073098331722353,0.2420158609446017,1.9999999999999982,,,fock(N=79)
17.8,3.004573589138119,2.0,cat,loss_conc,4.967978244923804,0.4486525673835633,1.9999999999999982,,,fock(N=96)
17.8,3.004573589138119,2.0,cat,loss_post,2.369616790197672,0.6496223239186165,1.9999999999999982,,,fock(N=96)
17.8,3.004573589138119,2.0,cat,loss_post_07,0.9535109315375042,1.0240877278558993,1.9999999999999982,,,fock(N=132)
17.8,3.004573589138119,2.0,cat,pn_pre,33.527646731401504,0.1727024362629599,1.9999999999999982,,,fock(N=79)
17.8,3.004573589138119,2.0,cat,pn_conc,35.656922155279126,0.16746655003682356,1.9999999999999982,,,fock(N=96)
17.8,3.004573589138119,2.0,cat,pn_post,34.50045932755856,0.17025017281354773,1.9999999999999982,,,fock(N=96)
17.8,3.004573589138119,2.0,cat,pn_then_loss,1.818862218209509,0.7414811231482241,1.9999999999999982,,,fock(N=98)
17.8,3.004573589138119,2.0,cat,loss_then_pn,14.142175662451214,0.26591441842371055,1.9999999999999982,,,fock(N=98)
17.8,3.004573589138119,2.0,sqz_cat,lossless,39.595721066854445,0.15891901768010458,2.0000000000000004,0.0,0.75,fock(N=78)
17.8,3.004573589138119,2.0,sqz_cat,loss_pre,20.95013444124688,0.2184774372492766,2.0,0.0,0.75,fock(N=79)
17.8,3.004573589138119,2.0,sqz_cat,loss_conc,7.642578438753562,0.3617262679376414,2.0000000000000018,0.0,0.75,fock(N=97)
17.8,3.004573589138119,2.0,sqz_cat,loss_post,3.322028673352622,0.5486536991710914,2.0000000000000018,0.0,0.75,fock(N=97)
17.8,3.004573589138119,2.0,sqz_cat,loss_post_07,0.9439586629394862,1.0292562474216855,1.9999999999999711,0.0,0.5,fock(N=137)
17.8,3.004573589138119,2.0,sqz_cat,pn_pre,36.04361923495415,0.1665657878781246,2.0,0.0,0.75,fock(N=79)
17.8,3.004573589138119,2.0,sqz_cat,pn_conc,38.043958284693545,0.16212767383400645,1.999999999999974,0.0,0.5,fock(N=97)
17.8,3.004573589138119,2.0,sqz_cat,pn_post,36.76579174150411,0.16492178952974193,1.999999999999974,0.0,0.5,fock(N=97)
17.8,3.004573589138119,2.0,sqz_cat,pn_then_loss,2.230148111183371,0.6696272930425073,2.0000000000000004,0.0,0.75,fock(N=99)
17.8,3.004573589138119,2.0,sqz_cat,loss_then_pn,9.189186671240648,0.3298841603210602,1.9999999999999745,0.0,0.5,fock(N=99)
17.8,3.004573589138119,2.0,fock,lossless,19.9999999848,0.22360679783494958,2.0,,,fock(N=78)
17.8,3.004573589138119,2.0,fock,loss_pre,13.53569377124277,0.2718064383666306,2.0,,,fock(N=78)
17.8,3.004573589138119,2.0,fock,loss_conc,6.231749976696821,0.4005852828290883,2.0,,,fock(N=88)
17.8,3.004573589138119,2.0,fock,loss_post,3.51963227213046,0.5330296339247006,2.0,,,fock(N=88)
17.8,3.004573589138119,2.0,fock,loss_post_07,1.8249476986834645,0.740243817321876,2.0,,,fock(N=108)
17.8,3.004573589138119,2.0,fock,pn_pre,19.9999999848,0.22360679783494958,2.0,,,fock(N=79)
17.8,3.004573589138119,2.0,fock,pn_conc,20.032986291994433,0.22342262655780695,2.0,,,fock(N=88)
17.8,3.004573589138119,2.0,fock,pn_post,19.324628381616726,0.22748063111317146,2.0,,,fock(N=88)
17.8,3.004573589138119,2.0,fock,pn_then_loss,3.519632272130545,0.5330296339246942,2.0,,,fock(N=89)
17.8,3.004573589138119,2.0,fock,loss_then_pn,11.32768234554149,0.2971183461942563,2.0,,,fock(N=89)
31.6,0.9501482137621282,2.0,coherent,lossless,4.0,0.5,2.0,,,gaussian
31.6,0.9501482137621282,2.0,coherent,loss_pre,4.0,0.5,2.0,,,gaussian
31.6,0.9501482137621282,2.0,coherent,loss_conc,3.6902501564019468,0.520561561363074,2.0,,,gaussian
31.6,0.9501482137621282,2.0,coherent,loss_post,3.3294787017197427,0.5480395227359628,2.0,,,gaussian
31.6,0.9501482137621282,2.0,coherent,loss_post_07,2.3537637241178264,0.6518063203525334,2.0,,,gaussian
31.6,0.9501482137621282,2.0,coherent,pn_pre,2.336375384537034,0.654227339675772,2.0000000000000013,,,fock(N=78)
31.6,0.9501482137621282,2.0,coherent,pn_conc,1.8934624897437977,0.7267275877149897,2.0000000000000013,,,fock(N=78)
31.6,0.9501482137621282,2.0,coherent,pn_post,1.5794871658603544,0.7956864260366759,2.0000000000000013,,,fock(N=78)
31.6,0.9501482137621282,2.0,coherent,pn_then_loss,2.0877048410844607,0.6920945842952045,2.0000000000000013,,,fock(N=78)
31.6,0.9501482137621282,2.0,coherent,loss_then_pn,1.643646656073627,0.7800020960419229,2.0000000000000013,,,fock(N=78)
31.6,0.9501482137621282,2.0,sqz_vac,lossless,39.59591794226525,0.15891862259789147,2.0,0.0,,gaussian
31.6,0.9501482137621282,2.0,sqz_vac,loss_pre,20.951352411650568,0.21847108675421956,2.0,0.0,,gaussian
31.6,0.9501482137621282,2.0,sqz_vac,loss_conc,18.111511861077414,0.23497553532383317,2.0,0.4886921905584123,,gaussian
31.6,0.9501482137621282,2.0,sqz_vac,loss_post,15.390499329121964,0.25490223584457394,2.0,0.9250245035569946,,gaussian
31.6,0.9501482137621282,2.0,sqz_vac,loss_post_07,6.629143736422504,0.38839289994463816,2.0,1.3089969389957472,,gaussian
31.6,0.9501482137621282,2.0,sqz_vac,pn_pre,36.04376131636592,0.16656545958378527,1.9999998957484726,0.0,,fock(N=79)
31.6,0.9501482137621282,2.0,sqz_vac,pn_conc,37.7843468393869,0.16268369969467572,1.9999999311862524,0.0,,fock(N=81)
31.6,0.9501482137621282,2.0,sqz_vac,pn_post,39.57814161023981,0.15895430735908703,1.9999999311862524,0.0,,fock(N=81)
31.6,0.9501482137621282,2.0,sqz_vac,pn_then_loss,6.297849349423374,0.39847755701132465,1.999999954569002,0.0,,fock(N=83)
31.6,0.9501482137621282,2.0,sqz_vac,loss_then_pn,9.867749998823742,0.31833979405766594,1.999999954569002,0.0,,fock(N=83)
31.6,0.9501482137621282,2.0,cat,lossless,36.522705062589324,0.1654697199634403,1.9999999999999982,,,fock(N=78)
31.6,0.9501482137621282,2.0,cat,loss_pre,17.073098331722353,0.2420158609446017,1.9999999999999982,,,fock(N=79)
31.6,0.9501482137621282,2.0,cat,loss_conc,13.373016986598115,0.27345464312100526,1.9999999999999982,,,fock(N=81)
31.6,0.9501482137621282,2.0,cat,loss_post,9.526450928096597,0.3239921088425834,1.9999999999999982,,,fock(N=81)
31.6,0.9501482137621282,2.0,cat,loss_post_07,2.939963461137026,0.5832154676858365,1.9999999999999982,,,fock(N=88)
31.6,0.9501482137621282,2.0,cat,pn_pre,33.527646731401504,0.1727024362629599,1.9999999999999982,,,fock(N=79)
31.6,0.9501482137621282,2.0,cat,pn_conc,34.975607696956246,0.16908978248969478,1.9999999999999982,,,fock(N=81)
31.6,0.9501482137621282,2.0,cat,pn_post,36.521469618037244,0.16547251868618315,1.9999999999999982,,,fock(N=81)
31.6,0.9501482137621282,2.0,cat,pn_then_loss,7.9215924061761145,0.35529881061893875,1.9999999999999982,,,fock(N=83)
31.6,0.9501482137621282,2.0,cat,loss_then_pn,15.364907887407938,0.2551144272142609,1.9999999999999982,,,fock(N=83)
31.6,0.9501482137621282,2.0,sqz_cat,lossless,39.595721066854445,0.15891901768010458,2.0000000000000004,0.0,0.75,fock(N=78)
31.6,0.9501482137621282,2.0,sqz_cat,loss_pre,20.95013444124688,0.2184774372492766,2.0,0.0,0.75,fock(N=79)
31.6,0.9501482137621282,2.0,sqz_cat,loss_conc,17.135719138269074,0.24157324457500567,1.9999999999999993,0.0,0.75,fock(N=81)
31.6,0.9501482137621282,2.0,sqz_cat,loss_post,12.847423837402088,0.2789921438414896,1.9999999999999993,0.0,0.75,fock(N=81)
31.6,0.9501482137621282,2.0,sqz_cat,loss_post_07,4.442098221242323,0.47446690114845763,1.9999999999999993,0.0,0.75,fock(N=89)
31.6,0.9501482137621282,2.0,sqz_cat,pn_pre,36.04361923495415,0.1665657878781246,2.0,0.0,0.75,fock(N=79)
31.6,0.9501482137621282,2.0,sqz_cat,pn_conc,37.78463583221159,0.1626830775567251,1.9999999999999993,0.0,0.75,fock(N=81)
31.6,0.9501482137621282,2.0,sqz_cat,pn_post,39.58274032615223,0.15894507344893757,1.9999999999999836,0.0,0.5,fock(N=81)
31.6,0.9501482137621282,2.0,sqz_cat,pn_then_loss,6.357869847012919,0.39659221367965397,1.999999999999981,0.0,0.5,fock(N=83)
31.6,0.9501482137621282,2.0,sqz_cat,loss_then_pn,10.074955981068486,0.3150492291507266,1.999999999999981,0.0,0.5,fock(N=83)
31.6,0.9501482137621282,2.0,fock,lossless,19.9999999848,0.22360679783494958,2.0,,,fock(N=78)
31.6,0.9501482137621282,2.0,fock,loss_pre,13.53569377124277,0.2718064383666306,2.0,,,fock(N=78)
31.6,0.9501482137621282,2.0,fock,loss_conc,11.633207862198544,0.29319074425332553,2.0,,,fock(N=79)
31.6,0.9501482137621282,2.0,fock,loss_post,9.636363603633995,0.32213907750865073,2.0,,,fock(N=79)
31.6,0.9501482137621282,2.0,fock,loss_post_07,4.158851114144573,0.49035805471268556,2.0,,,fock(N=83)
31.6,0.9501482137621282,2.0,fock,pn_pre,19.9999999848,0.22360679783494958,2.0,,,fock(N=79)
31.6,0.9501482137621282,2.0,fock,pn_conc,19.7093143377517,0.22524971077462147,2.0,,,fock(N=79)
31.6,0.9501482137621282,2.0,fock,pn_post,19.998698180922077,0.22361407549514906,2.0,,,fock(N=79)
31.6,0.9501482137621282,2.0,fock,pn_then_loss,9.63636360361044,0.3221390775090444,2.0,,,fock(N=80)
31.6,0.9501482137621282,2.0,fock,loss_then_pn,12.561011863084994,0.2821549586875297,2.0,,,fock(N=80)
56.2,0.2972403017767778,2.0,coherent,lossless,4.0,0.5,2.0,,,gaussian
56.2,0.2972403017767778,2.0,coherent,loss_pre,4.0,0.5,2.0,,,gaussian
56.2,0.2972403017767778,2.0,coherent,loss_conc,3.7850347740710437,0.514002300892638,2.0,,,gaussian
56.2,0.2972403017767778,2.0,coherent,loss_post,3.5715998461880796,0.5291375744575191,2.0,,,gaussian
56.2,0.2972403017767778,2.0,coherent,loss_post_07,2.7489954750647616,0.6031328559429368,2.0,,,gaussian
56.2,0.2972403017767778,2.0,coherent,pn_pre,2.336375384537034,0.654227339675772,2.0000000000000013,,,fock(N=78)
56.2,0.2972403017767778,2.0,coherent,pn_conc,2.167198185628157,0.6792829059626494,2.0000000000000013,,,fock(N=78)
56.2,0.2972403017767778,2.0,coherent,pn_post,2.0799382775728956,0.6933855332035385,2.0000000000000013,,,fock(N=78)
56.2,0.2972403017767778,2.0,coherent,pn_then_loss,2.180762867468412,0.6771669882033138,2.0000000000000013,,,fock(N=78)
56.2,0.2972403017767778,2.0,coherent,loss_then_pn,2.1674838261625777,0.6792381450461165,2.0000000000000013,,,fock(N=78)
56.2,0.2972403017767778,2.0,sqz_vac,lossless,39.59591794226543,0.1589186225978911,2.0,0.0,,gaussian
56.2,0.2972403017767778,2.0,sqz_vac,loss_pre,20.951352411650518,0.2184710867542198,2.0,0.0,,gaussian
56.2,0.2972403017767778,2.0,sqz_vac,loss_conc,19.69255019778136,0.22534556718574056,2.0,0.15707963267948966,,gaussian
56.2,0.2972403017767778,2.0,sqz_vac,loss_post,18.449496624353415,0.23281327456091563,2.0,0.3141592653589793,,gaussian
56.2,0.2972403017767778,2.0,sqz_vac,loss_post_07,7.451358411221328,0.36633825572265055,2.0,0.47123889803846897,,gaussian
56.2,0.2972403017767778,2.0,sqz_vac,pn_pre,36.04376131636592,0.16656545958378527,1.9999998957484726,0.0,,fock(N=79)
56.2,0.2972403017767778,2.0,sqz_vac,pn_conc,37.837168593706664,0.16257010451918255,1.9999998957484726,0.0,,fock(N=80)
56.2,0.2972403017767778,2.0,sqz_vac,pn_post,39.59416755802853,0.15892213530689397,1.9999998957484726,0.0,,fock(N=80)
56.2,0.2972403017767778,2.0,sqz_vac,pn_then_loss,8.788524963651751,0.33731993243379843,1.9999999311862524,0.0,,fock(N=82)
56.2,0.2972403017767778,2.0,sqz_vac,loss_then_pn,10.527440762332734,0.308204231322177,1.9999999311862524,0.0,,fock(N=82)
56.2,0.2972403017767778,2.0,cat,lossless,36.522705062589324,0.1654697199634403,1.9999999999999982,,,fock(N=78)
56.2,0.2972403017767778,2.0,cat,loss_pre,17.073098331722353,0.2420158609446017,1.9999999999999982,,,fock(N=79)
56.2,0.2972403017767778,2.0,cat,loss_conc,15.882255762444387,0.250924985233317,1.9999999999999982,,,fock(N=79)
56.2,0.2972403017767778,2.0,cat,loss_post,14.551883481923053,0.26214428594701283,1.9999999999999982,,,fock(N=79)
56.2,0.2972403017767778,2.0,cat,loss_post_07,4.1492754606467175,0.4909235501747609,1.9999999999999982,,,fock(N=83)
56.2,0.2972403017767778,2.0,cat,pn_pre,33.527646731401504,0.1727024362629599,1.9999999999999982,,,fock(N=79)
56.2,0.2972403017767778,2.0,cat,pn_conc,34.96851092468114,0.16910693979452404,1.9999999999999982,,,fock(N=79)
56.2,0.2972403017767778,2.0,cat,pn_post,36.520103249267706,0.1654756141643838,1.9999999999999982,,,fock(N=79)
56.2,0.2972403017767778,2.0,cat,pn_then_loss,12.279677299204332,0.28536882233408456,1.9999999999999982,,,fock(N=81)
56.2,0.2972403017767778,2.0,cat,loss_then_pn,15.544655167011864,0.2536351580489231,1.9999999999999982,,,fock(N=81)
56.2,0.2972403017767778,2.0,sqz_cat,lossless,39.595721066854445,0.15891901768010458,2.0000000000000004,0.0,0.75,fock(N=78)
56.2,0.2972403017767778,2.0,sqz_cat,loss_pre,20.95013444124688,0.2184774372492766,2.0,0.0,0.75,fock(N=79)
56.2,0.2972403017767778,2.0,sqz_cat,loss_conc,19.57290715987762,0.22603325124785192,2.0,0.0,0.75,fock(N=80)
56.2,0.2972403017767778,2.0,sqz_cat,loss_post,18.029984843507158,0.23550618601423823,2.0,0.0,0.75,fock(N=80)
56.2,0.2972403017767778,2.0,sqz_cat,loss_post_07,7.06817295095188,0.37613731158731106,1.9999999999999996,0.0,0.75,fock(N=84)
56.2,0.2972403017767778,2.0,sqz_cat,pn_pre,36.04361923495415,0.1665657878781246,2.0,0.0,0.75,fock(N=79)
56.2,0.2972403017767778,2.0,sqz_cat,pn_conc,37.83702976386968,0.16257040276617163,2.0,0.0,0.75,fock(N=80)
56.2,0.2972403017767778,2.0,sqz_cat,pn_post,39.59398978418862,0.15892249208031695,2.0,0.0,0.75,fock(N=80)
56.2,0.2972403017767778,2.0,sqz_cat,pn_then_loss,8.95611777580368,0.3341489509224132,1.9999999999999836,0.0,0.5,fock(N=82)
56.2,0.2972403017767778,2.0,sqz_cat,loss_then_pn,10.762763354018164,0.3048162418972664,1.9999999999999836,0.0,0.5,fock(N=82)
56.2,0.2972403017767778,2.0,fock,lossless,19.9999999848,0.22360679783494958,2.0,,,fock(N=78)
56.2,0.2972403017767778,2.0,fock,loss_pre,13.53569377124277,0.2718064383666306,2.0,,,fock(N=78)
56.2,0.2972403017767778,2.0,fock,loss_conc,12.715682250168726,0.2804336770944982,2.0,,,fock(N=79)
56.2,0.2972403017767778,2.0,fock,loss_post,11.87372536133217,0.2902060755308399,2.0,,,fock(N=79)
56.2,0.2972403017767778,2.0,fock,loss_post_07,4.684305737113558,0.46203766828949777,2.0,,,fock(N=81)
56.2,0.2972403017767778,2.0,fock,pn_pre,19.9999999848,0.22360679783494958,2.0,,,fock(N=79)
56.2,0.2972403017767778,2.0,fock,pn_conc,19.674680799708923,0.22544787826701382,2.0,,,fock(N=79)
56.2,0.2972403017767778,2.0,fock,pn_post,19.997507474769602,0.2236207326921143,2.0,,,fock(N=79)
56.2,0.2972403017767778,2.0,fock,pn_then_loss,11.873725361354147,0.2902060755305713,2.0,,,fock(N=80)
56.2,0.2972403017767778,2.0,fock,loss_then_pn,12.97652221095644,0.2776008827367617,2.0,,,fock(N=80)
100.0,0.09085899474109728,2.0,coherent,lossless,4.0,0.5,2.0,,,gaussian
100.0,0.09085899474109728,2.0,coherent,loss_pre,4.0,0.5,2.0,,,gaussian
100.0,0.09085899474109728,2.0,coherent,loss_conc,3.794620166707642,0.5133526931592163,2.0,,,gaussian
100.0,0.09085899474109728,2.0,coherent,loss_post,3.5973272501615328,0.527242033321426,2.0,,,gaussian
100.0,0.09085899474109728,2.0,coherent,loss_post_07,2.7951542508395533,0.598132099884515,2.0,,,gaussian
100.0,0.09085899474109728,2.0,coherent,pn_pre,2.336375384537034,0.654227339675772,2.0000000000000013,,,fock(N=78)
100.0,0.09085899474109728,2.0,coherent,pn_conc,2.196333306405542,0.6747624030867223,2.0000000000000013,,,fock(N=78)
100.0,0.09085899474109728,2.0,coherent,pn_post,2.126758248610032,0.6857107168933414,2.0000000000000013,,,fock(N=78)
100.0,0.09085899474109728,2.0,coherent,pn_then_loss,2.1903616602004736,0.675681589118433,2.0000000000000013,,,fock(N=78)
100.0,0.09085899474109728,2.0,coherent,loss_then_pn,2.2184181082663073,0.6713953038508812,2.0000000000000013,,,fock(N=78)
100.0,0.09085899474109728,2.0,sqz_vac,lossless,39.59591794226543,0.1589186225978911,2.0,0.0,,gaussian
100.0,0.09085899474109728,2.0,sqz_vac,loss_pre,20.951352411650518,0.2184710867542198,2.0,0.0,,gaussian
100.0,0.09085899474109728,2.0,sqz_vac,loss_conc,19.862978703418804,0.22437672848422596,2.0,0.05235987755982989,,gaussian
100.0,0.09085899474109728,2.0,sqz_vac,loss_post,18.81718500771823,0.23052746393977275,2.0,0.08726646259971647,,gaussian
100.0,0.09085899474109728,2.0,sqz_vac,loss_post_07,7.5432795212559,0.3640993465095697,2.0,0.13962634015954636,,gaussian
100.0,0.09085899474109728,2.0,sqz_vac,pn_pre,36.04376131636592,0.16656545958378527,1.9999998957484726,0.0,,fock(N=79)
100.0,0.09085899474109728,2.0,sqz_vac,pn_conc,37.85112364025525,0.16254013338092613,1.9999998957484726,0.0,,fock(N=79)
100.0,0.09085899474109728,2.0,sqz_vac,pn_post,39.59401922927579,0.15892243298695394,1.9999998957484726,0.0,,fock(N=79)
100.0,0.09085899474109728,2.0,sqz_vac,pn_then_loss,9.172386958301729,0.33018612228280897,1.9999999311862524,0.0,,fock(N=81)
100.0,0.09085899474109728,2.0,sqz_vac,loss_then_pn,10.67240213541722,0.3061039328353339,1.9999999311862524,0.0,,fock(N=81)
100.0,0.09085899474109728,2.0,cat,lossless,36.522705062589324,0.1654697199634403,1.9999999999999982,,,fock(N=78)
100.0,0.09085899474109728,2.0,cat,loss_pre,17.073098331722353,0.2420158609446017,1.9999999999999982,,,fock(N=79)
100.0,0.09085899474109728,2.0,cat,loss_conc,16.170519777132988,0.248678368857834,1.9999999999999982,,,fock(N=79)
100.0,0.09085899474109728,2.0,cat,loss_post,15.286660865153205,0.25576651418966123,1.9999999999999982,,,fock(N=79)
100.0,0.09085899474109728,2.0,cat,loss_post_07,4.345994772831761,0.4796841849998819,1.9999999999999982,,,fock(N=83)
100.0,0.09085899474109728,2.0,cat,pn_pre,33.527646731401504,0.1727024362629599,1.9999999999999982,,,fock(N=79)
100.0,0.09085899474109728,2.0,cat,pn_conc,34.97475270807057,0.16909184925200174,1.9999999999999982,,,fock(N=79)
100.0,0.09085899474109728,2.0,cat,pn_post,36.51960062394595,0.16547675289463024,1.9999999999999982,,,fock(N=79)
100.0,0.09085899474109728,2.0,cat,pn_then_loss,12.914805703923387,0.27826338351194696,1.9999999999999982,,,fock(N=81)
100.0,0.09085899474109728,2.0,cat,loss_then_pn,15.54120162297332,0.2536633377081332,1.9999999999999982,,,fock(N=81)
100.0,0.09085899474109728,2.0,sqz_cat,lossless,39.595721066854445,0.15891901768010458,2.0000000000000004,0.0,0.75,fock(N=78)
100.0,0.09085899474109728,2.0,sqz_cat,loss_pre,20.95013444124688,0.2184774372492766,2.0,0.0,0.75,fock(N=79)
100.0,0.09085899474109728,2.0,sqz_cat,loss_conc,19.850572438797933,0.22444683332062987,2.0,0.0,0.75,fock(N=79)
100.0,0.09085899474109728,2.0,sqz_cat,loss_post,18.77483720638051,0.2307873019467104,2.0,0.0,0.75,fock(N=79)
100.0,0.09085899474109728,2.0,sqz_cat,loss_post_07,7.5044918805241165,0.36503907390563656,1.9999999999999996,0.0,0.75,fock(N=83)
100.0,0.09085899474109728,2.0,sqz_cat,pn_pre,36.04361923495415,0.1665657878781246,2.0,0.0,0.75,fock(N=79)
100.0,0.09085899474109728,2.0,sqz_cat,pn_conc,37.85096242101409,0.16254047953552012,2.0,0.0,0.75,fock(N=79)
100.0,0.09085899474109728,2.0,sqz_cat,pn_post,39.59384156377115,0.15892278954496228,2.0,0.0,0.75,fock(N=79)
100.0,0.09085899474109728,2.0,sqz_cat,pn_then_loss,9.357488935572025,0.32690407844962177,1.9999999999999836,0.0,0.5,fock(N=81)
100.0,0.09085899474109728,2.0,sqz_cat,loss_then_pn,10.911388745484372,0.30273315398913747,1.9999999999999836,0.0,0.5,fock(N=81)
100.0,0.09085899474109728,2.0,fock,lossless,19.9999999848,0.22360679783494958,2.0,,,fock(N=78)
100.0,0.09085899474109728,2.0,fock,loss_pre,13.53569377124277,0.2718064383666306,2.0,,,fock(N=78)
100.0,0.09085899474109728,2.0,fock,loss_conc,12.83196373399589,0.27916015978595893,2.0,,,fock(N=79)
100.0,0.09085899474109728,2.0,fock,loss_post,12.152629782143158,0.286856612904947,2.0,,,fock(N=79)
100.0,0.09085899474109728,2.0,fock,loss_post_07,4.7384435278275125,0.45939064334136986,2.0,,,fock(N=81)
100.0,0.09085899474109728,2.0,fock,pn_pre,19.9999999848,0.22360679783494958,2.0,,,fock(N=79)
100.0,0.09085899474109728,2.0,fock,pn_conc,19.67155063347046,0.22546581435349433,2.0,,,fock(N=79)
100.0,0.09085899474109728,2.0,fock,pn_post,19.994831496579074,0.22363569616363557,2.0,,,fock(N=79)
100.0,0.09085899474109728,2.0,fock,pn_then_loss,12.152629782160282,0.2868566129047449,2.0,,,fock(N=80)
100.0,0.09085899474109728,2.0,fock,loss_then_pn,13.031320345994958,0.27701659672383727,2.0,,,fock(N=80)
177.8,0.026087839579994943,2.0,coherent,lossless,4.0,0.5,2.0,,,gaussian
177.8,0.026087839579994943,2.0,coherent,loss_pre,4.0,0.5,2.0,,,gaussian
177.8,0.026087839579994943,2.0,coherent,loss_conc,3.7955291779751335,0.5132912167084418,2.0,,,gaussian
177.8,0.026087839579994943,2.0,coherent,loss_post,3.599779507084423,0.5270624177098255,2.0,,,gaussian
177.8,0.026087839579994943,2.0,coherent,loss_post_07,2.799599878865761,0.5976570089072021,2.0,,,gaussian
177.8,0.026087839579994943,2.0,coherent,pn_pre,2.336375384537034,0.654227339675772,2.0000000000000013,,,fock(N=78)
177.8,0.026087839579994943,2.0,coherent,pn_conc,2.199100049607635,0.6743378017006992,2.0000000000000013,,,fock(N=78)
177.8,0.026087839579994943,2.0,coherent,pn_post,2.130257778777739,0.685147251828045,2.0000000000000013,,,fock(N=78)
177.8,0.026087839579994943,2.0,coherent,pn_then_loss,2.191273765490033,0.675540950165272,2.0000000000000013,,,fock(N=78)
177.8,0.026087839579994943,2.0,coherent,loss_then_pn,2.2223486381831647,0.6708013135229346,2.0000000000000013,,,fock(N=78)
177.8,0.026087839579994943,2.0,sqz_vac,lossless,39.59591794226543,0.1589186225978911,2.0,0.0,,gaussian
177.8,0.026087839579994943,2.0,sqz_vac,loss_pre,20.951352411650515,0.21847108675421986,2.0,0.0,,gaussian
177.8,0.026087839579994943,2.0,sqz_vac,loss_conc,19.87927019723888,0.22428476883775167,2.0,0.017453292519943295,,gaussian
177.8,0.026087839579994943,2.0,sqz_vac,loss_post,18.85275159182156,0.23030991094679998,2.0,0.03490658503988659,,gaussian
177.8,0.026087839579994943,2.0,sqz_vac,loss_post_07,7.552095803017896,0.3638867605006876,2.0,0.03490658503988659,,gaussian
177.8,0.026087839579994943,2.0,sqz_vac,pn_pre,36.04376131636592,0.16656545958378527,1.9999998957484726,0.0,,fock(N=79)
177.8,0.026087839579994943,2.0,sqz_vac,pn_conc,37.85255550079775,0.16253705912343602,1.9999998957484726,0.0,,fock(N=79)
177.8,0.026087839579994943,2.0,sqz_vac,pn_post,39.59400407323372,0.15892246340361557,1.9999998957484726,0.0,,fock(N=79)
177.8,0.026087839579994943,2.0,sqz_vac,pn_then_loss,9.210637234727047,0.32949980440343457,1.9999999311862524,0.0,,fock(N=81)
177.8,0.026087839579994943,2.0,sqz_vac,loss_then_pn,10.687601904598539,0.30588618686204644,1.9999999311862524,0.0,,fock(N=81)
177.8,0.026087839579994943,2.0,cat,lossless,36.522705062589324,0.1654697199634403,1.9999999999999982,,,fock(N=78)
177.8,0.026087839579994943,2.0,cat,loss_pre,17.073098331722353,0.2420158609446017,1.9999999999999982,,,fock(N=79)
177.8,0.026087839579994943,2.0,cat,loss_conc,16.198217046145757,0.24846567080291412,1.9999999999999982,,,fock(N=79)
177.8,0.026087839579994943,2.0,cat,loss_post,15.359240334543035,0.25516149142818645,1.9999999999999982,,,fock(N=79)
177.8,0.026087839579994943,2.0,cat,loss_post_07,4.36581140566521,0.4785942917618156,1.9999999999999982,,,fock(N=83)
177.8,0.026087839579994943,2.0,cat,pn_pre,33.527646731401504,0.1727024362629599,1.9999999999999982,,,fock(N=79)
177.8,0.026087839579994943,2.0,cat,pn_conc,34.9752738386175,0.16909058951553002,1.9999999999999982,,,fock(N=79)
177.8,0.026087839579994943,2.0,cat,pn_post,36.51959181338415,0.16547677285573872,1.9999999999999982,,,fock(N=79)
177.8,0.026087839579994943,2.0,cat,pn_then_loss,12.977548198634514,0.27758990914181725,1.9999999999999982,,,fock(N=81)
177.8,0.026087839579994943,2.0,cat,loss_then_pn,15.539377884138272,0.2536782225417098,1.9999999999999982,,,fock(N=81)
177.8,0.026087839579994943,2.0,sqz_cat,lossless,39.595721066854445,0.15891901768010458,2.0000000000000004,0.0,0.75,fock(N=78)
177.8,0.026087839579994943,2.0,sqz_cat,loss_pre,20.95013444124688,0.2184774372492766,2.0,0.0,0.75,fock(N=79)
177.8,0.026087839579994943,2.0,sqz_cat,loss_conc,19.877239786104756,0.22429622361387017,2.0,0.0,0.75,fock(N=79)
177.8,0.026087839579994943,2.0,sqz_cat,loss_post,18.84847633103539,0.23033602921454766,2.0,0.0,0.75,fock(N=79)
177.8,0.026087839579994943,2.0,sqz_cat,loss_post_07,7.548559363850994,0.36397198952546883,1.9999999999999996,0.0,0.75,fock(N=83)
177.8,0.026087839579994943,2.0,sqz_cat,pn_pre,36.04361923495415,0.1665657878781246,2.0,0.0,0.75,fock(N=79)
177.8,0.026087839579994943,2.0,sqz_cat,pn_conc,37.852391762313346,0.1625374106671787,2.0,0.0,0.75,fock(N=79)
177.8,0.026087839579994943,2.0,sqz_cat,pn_post,39.593826248650316,0.15892282028108606,2.0,0.0,0.75,fock(N=79)
177.8,0.026087839579994943,2.0,sqz_cat,pn_then_loss,9.397490489081033,0.32620758312968384,1.9999999999999836,0.0,0.5,fock(N=81)
177.8,0.026087839579994943,2.0,sqz_cat,loss_then_pn,10.926929122717352,0.3025178024810294,1.9999999999999836,0.0,0.5,fock(N=81)
177.8,0.026087839579994943,2.0,fock,lossless,19.9999999848,0.22360679783494958,2.0,,,fock(N=78)
177.8,0.026087839579994943,2.0,fock,loss_pre,13.53569377124277,0.2718064383666306,2.0,,,fock(N=78)
177.8,0.026087839579994943,2.0,fock,loss_conc,12.843058713796996,0.2790395520079316,2.0,,,fock(N=79)
177.8,0.026087839579994943,2.0,fock,loss_post,12.179687428676182,0.2865378042168089,2.0,,,fock(N=79)
177.8,0.026087839579994943,2.0,fock,loss_post_07,4.743575056003855,0.4591420951587252,2.0,,,fock(N=81)
177.8,0.026087839579994943,2.0,fock,pn_pre,19.9999999848,0.22360679783494958,2.0,,,fock(N=79)
177.8,0.026087839579994943,2.0,fock,pn_conc,19.670947668932655,0.22546926987711877,2.0,,,fock(N=79)
177.8,0.026087839579994943,2.0,fock,pn_post,19.990792237635972,0.22365828848637023,2.0,,,fock(N=79)
177.8,0.026087839579994943,2.0,fock,pn_then_loss,12.179687428699415,0.2865378042165356,2.0,,,fock(N=80)
177.8,0.026087839579994943,2.0,fock,loss_then_pn,13.036103083804461,0.2769657755817467,2.0,,,fock(N=80)
316.2,0.006384148243888583,2.0,coherent,lossless,4.0,0.5,2.0,,,gaussian
316.2,0.006384148243888583,2.0,coherent,loss_pre,4.0,0.5,2.0,,,gaussian
316.2,0.006384148243888583,2.0,coherent,loss_conc,3.7956059792513352,0.513286023648343,2.0,,,gaussian
316.2,0.006384148243888583,2.0,coherent,loss_post,3.5999867946674278,0.5270472433392455,2.0,,,gaussian
316.2,0.006384148243888583,2.0,coherent,loss_post_07,2.7999760348840237,0.597616862165064,2.0,,,gaussian
316.2,0.006384148243888583,2.0,coherent,pn_pre,2.336375384537034,0.654227339675772,2.0000000000000013,,,fock(N=78)
316.2,0.006384148243888583,2.0,coherent,pn_conc,2.1993338086882925,0.67430196430923,2.0000000000000013,,,fock(N=78)
316.2,0.006384148243888583,2.0,coherent,pn_post,2.130540264595878,0.6851018288897708,2.0000000000000013,,,fock(N=78)
316.2,0.006384148243888583,2.0,coherent,pn_then_loss,2.1913508426709405,0.6755290695369219,2.0000000000000013,,,fock(N=78)
316.2,0.006384148243888583,2.0,coherent,loss_then_pn,2.222667715754292,0.6707531629751793,2.0000000000000013,,,fock(N=78)
316.2,0.006384148243888583,2.0,sqz_vac,lossless,39.59591794226543,0.1589186225978911,2.0,0.0,,gaussian
316.2,0.006384148243888583,2.0,sqz_vac,loss_pre,20.951352411650515,0.21847108675421986,2.0,0.0,,gaussian
316.2,0.006384148243888583,2.0,sqz_vac,loss_conc,19.88065125739718,0.22427697844562774,2.0,0.0,,gaussian
316.2,0.006384148243888583,2.0,sqz_vac,loss_post,18.855819103815314,0.2302911764875469,2.0,0.0,,gaussian
316.2,0.006384148243888583,2.0,sqz_vac,loss_post_07,7.552846639320155,0.3638686728713913,2.0,0.017453292519943295,,gaussian
316.2,0.006384148243888583,2.0,sqz_vac,pn_pre,36.04376131636592,0.16656545958378527,1.9999998957484726,0.0,,fock(N=79)
316.2,0.006384148243888583,2.0,sqz_vac,pn_conc,37.85267738304792,0.1625367974457976,1.9999998957484726,0.0,,fock(N=79)
316.2,0.006384148243888583,2.0,sqz_vac,pn_post,39.59400280844471,0.15892246594192147,1.9999998957484726,0.0,,fock(N=79)
316.2,0.006384148243888583,2.0,sqz_vac,pn_then_loss,9.213884274203085,0.3294417402300067,1.9999999311862524,0.0,,fock(N=81)
316.2,0.006384148243888583,2.0,sqz_vac,loss_then_pn,10.688898678644149,0.30586763128810396,1.9999999311862524,0.0,,fock(N=81)
316.2,0.006384148243888583,2.0,cat,lossless,36.522705062589324,0.1654697199634403,1.9999999999999982,,,fock(N=78)
316.2,0.006384148243888583,2.0,cat,loss_pre,17.073098331722353,0.2420158609446017,1.9999999999999982,,,fock(N=79)
316.2,0.006384148243888583,2.0,cat,loss_conc,16.200560041569247,0.24844770306050207,1.9999999999999982,,,fock(N=79)
316.2,0.006384148243888583,2.0,cat,loss_post,15.365396237463552,0.2551103731003053,1.9999999999999982,,,fock(N=79)
316.2,0.006384148243888583,2.0,cat,loss_post_07,4.367495471611177,0.4785020120944474,1.9999999999999982,,,fock(N=83)
316.2,0.006384148243888583,2.0,cat,pn_pre,33.527646731401504,0.1727024362629599,1.9999999999999982,,,fock(N=79)
316.2,0.006384148243888583,2.0,cat,pn_conc,34.9753328607641,0.16909044684220917,1.9999999999999982,,,fock(N=79)
316.2,0.006384148243888583,2.0,cat,pn_post,36.519238356203964,0.16547757365026006,1.9999999999999982,,,fock(N=79)
316.2,0.006384148243888583,2.0,cat,pn_then_loss,12.982869857426,0.27753301146791476,1.9999999999999982,,,fock(N=81)
316.2,0.006384148243888583,2.0,cat,loss_then_pn,15.539203339666189,0.2536796472610512,1.9999999999999982,,,fock(N=81)
316.2,0.006384148243888583,2.0,sqz_cat,lossless,39.595721066854445,0.15891901768010458,2.0000000000000004,0.0,0.75,fock(N=78)
316.2,0.006384148243888583,2.0,sqz_cat,loss_pre,20.95013444124688,0.2184774372492766,2.0,0.0,0.75,fock(N=79)
316.2,0.006384148243888583,2.0,sqz_cat,loss_conc,19.879495575365606,0.22428349745176165,2.0,0.0,0.75,fock(N=79)
316.2,0.006384148243888583,2.0,sqz_cat,loss_post,18.854722863478855,0.23029787111809685,2.0,0.0,0.75,fock(N=79)
316.2,0.006384148243888583,2.0,sqz_cat,loss_post_07,7.552305295867973,0.3638817135514298,1.9999999999999996,0.0,0.75,fock(N=83)
316.2,0.006384148243888583,2.0,sqz_cat,pn_pre,36.04361923495415,0.1665657878781246,2.0,0.0,0.75,fock(N=79)
316.2,0.006384148243888583,2.0,sqz_cat,pn_conc,37.85251342315251,0.1625371494632073,2.0,0.0,0.75,fock(N=79)
316.2,0.006384148243888583,2.0,sqz_cat,pn_post,39.593824997111724,0.15892282279281664,2.0,0.0,0.75,fock(N=79)
316.2,0.006384148243888583,2.0,sqz_cat,pn_then_loss,9.400886242742141,0.32614866205480575,1.9999999999999836,0.0,0.5,fock(N=81)
316.2,0.006384148243888583,2.0,sqz_cat,loss_then_pn,10.928254577308783,0.3024994561949686,1.9999999999999836,0.0,0.5,fock(N=81)
316.2,0.006384148243888583,2.0,fock,lossless,19.9999999848,0.22360679783494958,2.0,,,fock(N=78)
316.2,0.006384148243888583,2.0,fock,loss_pre,13.53569377124277,0.2718064383666306,2.0,,,fock(N=78)
316.2,0.006384148243888583,2.0,fock,loss_conc,12.843996683187584,0.27902936299342224,2.0,,,fock(N=79)
316.2,0.006384148243888583,2.0,fock,loss_post,12.181978427941342,0.2865108591368362,2.0,,,fock(N=79)
316.2,0.006384148243888583,2.0,fock,loss_post_07,4.744008580062785,0.45912111567597136,2.0,,,fock(N=81)
316.2,0.006384148243888583,2.0,fock,pn_pre,19.9999999848,0.22360679783494958,2.0,,,fock(N=79)
316.2,0.006384148243888583,2.0,fock,pn_conc,19.6685708372948,0.22548289278620684,2.0,,,fock(N=79)
316.2,0.006384148243888583,2.0,fock,pn_post,19.972548679887858,0.22376041344845043,2.0,,,fock(N=79)
316.2,0.006384148243888583,2.0,fock,pn_then_loss,12.181978427975121,0.286510859136439,2.0,,,fock(N=80)
316.2,0.006384148243888583,2.0,fock,loss_then_pn,13.036477632505488,0.27696179682615324,2.0,,,fock(N=80)
562.3,0.001177308047261279,2.0,coherent,lossless,4.000000000000001,0.5,2.0,,,gaussian
562.3,0.001177308047261279,2.0,coherent,loss_pre,4.000000000000001,0.5,2.0,,,gaussian
562.3,0.001177308047261279,2.0,coherent,loss_conc,3.7956107053304735,0.5132857040909236,2.0,,,gaussian
562.3,0.001177308047261279,2.0,coherent,loss_post,3.5999995509184832,0.5270463095678914,2.0,,,gaussian
562.3,0.001177308047261279,2.0,coherent,loss_post_07,2.799999185000346,0.5976143916414036,2.0,,,gaussian
562.3,0.001177308047261279,2.0,coherent,pn_pre,2.336375384537034,0.654227339675772,2.0000000000000013,,,fock(N=78)
562.3,0.001177308047261279,2.0,coherent,pn_conc,2.1993481933756946,0.6742997591925366,2.0000000000000013,,,fock(N=78)
562.3,0.001177308047261279,2.0,coherent,pn_post,2.130557575422563,0.6850990456504799,2.0000000000000013,,,fock(N=78)
562.3,0.001177308047261279,2.0,coherent,pn_then_loss,2.191355585802076,0.6755283384541353,2.0000000000000013,,,fock(N=78)
562.3,0.001177308047261279,2.0,coherent,loss_then_pn,2.222687278880047,0.6707502111300241,2.0000000000000013,,,fock(N=78)
562.3,0.001177308047261279,2.0,sqz_vac,lossless,39.59591794226543,0.1589186225978911,2.0,0.0,,gaussian
562.3,0.001177308047261279,2.0,sqz_vac,loss_pre,20.951352411650515,0.21847108675421986,2.0,0.0,,gaussian
562.3,0.001177308047261279,2.0,sqz_vac,loss_conc,19.88079035090053,0.2242761938811143,2.0,0.0,,gaussian
562.3,0.001177308047261279,2.0,sqz_vac,loss_post,18.85620363296982,0.23028882834460743,2.0,0.0,,gaussian
562.3,0.001177308047261279,2.0,sqz_vac,loss_post_07,7.552976876583723,0.3638655357331931,2.0,0.0,,gaussian
562.3,0.001177308047261279,2.0,sqz_vac,pn_pre,36.04376131636592,0.16656545958378527,1.9999998957484726,0.0,,fock(N=79)
562.3,0.001177308047261279,2.0,sqz_vac,pn_conc,37.852684884456195,0.162536781340534,1.9999998957484726,0.0,,fock(N=79)
562.3,0.001177308047261279,2.0,sqz_vac,pn_post,39.59400272443332,0.15892246611052402,1.9999998957484726,0.0,,fock(N=79)
562.3,0.001177308047261279,2.0,sqz_vac,pn_then_loss,9.214084163881552,0.32943816676792914,1.9999999311862524,0.0,,fock(N=81)
562.3,0.001177308047261279,2.0,sqz_vac,loss_then_pn,10.688978542045309,0.3058664886309795,1.9999999311862524,0.0,,fock(N=81)
562.3,0.001177308047261279,2.0,cat,lossless,36.522705062589324,0.1654697199634403,1.9999999999999982,,,fock(N=78)
562.3,0.001177308047261279,2.0,cat,loss_pre,17.073098331722353,0.2420158609446017,1.9999999999999982,,,fock(N=79)
562.3,0.001177308047261279,2.0,cat,loss_conc,16.200704236374232,0.24844659740030098,1.9999999999999982,,,fock(N=79)
562.3,0.001177308047261279,2.0,cat,loss_post,15.365775171289272,0.255107227455371,1.9999999999999982,,,fock(N=79)
562.3,0.001177308047261279,2.0,cat,loss_post_07,4.367599153239614,0.47849633252536167,1.9999999999999982,,,fock(N=83)
562.3,0.001177308047261279,2.0,cat,pn_pre,33.527646731401504,0.1727024362629599,1.9999999999999982,,,fock(N=79)
562.3,0.001177308047261279,2.0,cat,pn_conc,34.97533649510875,0.16909043805697593,1.9999999999999982,,,fock(N=79)
562.3,0.001177308047261279,2.0,cat,pn_post,36.51923837042831,0.16547757361803306,1.9999999999999982,,,fock(N=79)
562.3,0.001177308047261279,2.0,cat,pn_then_loss,12.983197438778088,0.27752951020356703,1.9999999999999982,,,fock(N=81)
562.3,0.001177308047261279,2.0,cat,loss_then_pn,15.539192486246053,0.2536797358528913,1.9999999999999982,,,fock(N=81)
562.3,0.001177308047261279,2.0,sqz_cat,lossless,39.595721066854445,0.15891901768010458,2.0000000000000004,0.0,0.75,fock(N=78)
562.3,0.001177308047261279,2.0,sqz_cat,loss_pre,20.95013444124688,0.2184774372492766,2.0,0.0,0.75,fock(N=79)
562.3,0.001177308047261279,2.0,sqz_cat,loss_conc,19.879634402406587,0.22428271432195102,2.0,0.0,0.75,fock(N=79)
562.3,0.001177308047261279,2.0,sqz_cat,loss_post,18.855107379987015,0.23029552284760096,2.0,0.0,0.75,fock(N=79)
562.3,0.001177308047261279,2.0,sqz_cat,loss_post_07,7.552535919399086,0.36387615778001514,1.9999999999999996,0.0,0.75,fock(N=83)
562.3,0.001177308047261279,2.0,sqz_cat,pn_pre,36.04361923495415,0.1665657878781246,2.0,0.0,0.75,fock(N=79)
562.3,0.001177308047261279,2.0,sqz_cat,pn_conc,37.85252091342072,0.16253713338175654,2.0,0.0,0.75,fock(N=79)
562.3,0.001177308047261279,2.0,sqz_cat,pn_post,39.59382491742528,0.1589228229527405,2.0,0.0,0.75,fock(N=79)
562.3,0.001177308047261279,2.0,sqz_cat,pn_then_loss,9.401095287544116,0.3261450358783121,1.9999999999999836,0.0,0.5,fock(N=81)
562.3,0.001177308047261279,2.0,sqz_cat,loss_then_pn,10.928336205054073,0.30249832645324914,1.9999999999999836,0.0,0.5,fock(N=81)
562.3,0.001177308047261279,2.0,fock,lossless,19.9999999848,0.22360679783494958,2.0,,,fock(N=78)
562.3,0.001177308047261279,2.0,fock,loss_pre,13.53569377124277,0.2718064383666306,2.0,,,fock(N=78)
562.3,0.001177308047261279,2.0,fock,loss_conc,12.844054376084879,0.2790287363209562,2.0,,,fock(N=79)
562.3,0.001177308047261279,2.0,fock,loss_post,12.18211943300236,0.28650920098538313,2.0,,,fock(N=79)
562.3,0.001177308047261279,2.0,fock,loss_post_07,4.744035257606975,0.459119824766397,2.0,,,fock(N=81)
562.3,0.001177308047261279,2.0,fock,pn_pre,19.9999999848,0.22360679783494958,2.0,,,fock(N=79)
562.3,0.001177308047261279,2.0,fock,pn_conc,19.6685700214533,0.22548289746266015,2.0,,,fock(N=79)
562.3,0.001177308047261279,2.0,fock,pn_post,19.972557694176395,0.2237603629531361,2.0,,,fock(N=79)
562.3,0.001177308047261279,2.0,fock,pn_then_loss,12.18211943303697,0.2865092009849761,2.0,,,fock(N=80)
562.3,0.001177308047261279,2.0,fock,loss_then_pn,13.036524335979536,0.27696130071655606,2.0,,,fock(N=80)
1000.0,0.00016056163311836322,2.0,coherent,lossless,4.0,0.5,2.0,,,gaussian
1000.0,0.00016056163311836322,2.0,coherent,loss_pre,4.0,0.5,2.0,,,gaussian
1000.0,0.00016056163311836322,2.0,coherent,loss_conc,3.795610868616231,0.5132856930502441,2.0,,,gaussian
1000.0,0.00016056163311836322,2.0,coherent,loss_post,3.599999991647267,0.5270462773061573,2.0,,,gaussian
1000.0,0.00016056163311836322,2.0,coherent,loss_post_07,2.7999999848413375,0.5976143062848813,2.0,,,gaussian
1000.0,0.00016056163311836322,2.0,coherent,pn_pre,2.336375384537034,0.654227339675772,2.0000000000000013,,,fock(N=78)
1000.0,0.00016056163311836322,2.0,coherent,pn_conc,2.1993486903670862,0.6742996830060738,2.0000000000000013,,,fock(N=78)
1000.0,0.00016056163311836322,2.0,coherent,pn_post,2.1305581733595065,0.685098949514626,2.0000000000000013,,,fock(N=78)
1000.0,0.00016056163311836322,2.0,coherent,pn_then_loss,2.1913557496771316,0.6755283131952866,2.0000000000000013,,,fock(N=78)
1000.0,0.00016056163311836322,2.0,coherent,loss_then_pn,2.2226879546352905,0.6707501091672169,2.0000000000000013,,,fock(N=78)
1000.0,0.00016056163311836322,2.0,sqz_vac,lossless,39.59591794226543,0.1589186225978911,2.0,0.0,,gaussian
1000.0,0.00016056163311836322,2.0,sqz_vac,loss_pre,20.951352411650515,0.21847108675421986,2.0,0.0,,gaussian
1000.0,0.00016056163311836322,2.0,sqz_vac,loss_conc,19.880795156601998,0.2242761667744395,2.0,0.0,,gaussian
1000.0,0.00016056163311836322,2.0,sqz_vac,loss_post,18.85621691869307,0.2302887472160811,2.0,0.0,,gaussian
1000.0,0.00016056163311836322,2.0,sqz_vac,loss_post_07,7.552984845871913,0.36386534377265417,2.0,0.0,,gaussian
1000.0,0.00016056163311836322,2.0,sqz_vac,pn_pre,36.04376131636592,0.16656545958378527,1.9999998957484726,0.0,,fock(N=79)
1000.0,0.00016056163311836322,2.0,sqz_vac,pn_conc,37.85268514361556,0.16253678078412792,1.9999998957484726,0.0,,fock(N=79)
1000.0,0.00016056163311836322,2.0,sqz_vac,pn_post,39.59400272140107,0.15892246611660943,1.9999998957484726,0.0,,fock(N=79)
1000.0,0.00016056163311836322,2.0,sqz_vac,pn_then_loss,9.214091070220654,0.3294380433041983,1.9999999311862524,0.0,,fock(N=81)
1000.0,0.00016056163311836322,2.0,sqz_vac,loss_then_pn,10.688981301455003,0.3058664491505564,1.9999999311862524,0.0,,fock(N=81)
1000.0,0.00016056163311836322,2.0,cat,lossless,36.522705062589324,0.1654697199634403,1.9999999999999982,,,fock(N=78)
1000.0,0.00016056163311836322,2.0,cat,loss_pre,17.073098331722353,0.2420158609446017,1.9999999999999982,,,fock(N=79)
1000.0,0.00016056163311836322,2.0,cat,loss_conc,16.200709234484943,0.24844655907593888,1.9999999999999982,,,fock(N=79)
1000.0,0.00016056163311836322,2.0,cat,loss_post,15.365788267192777,0.25510711874437325,1.9999999999999982,,,fock(N=79)
1000.0,0.00016056163311836322,2.0,cat,loss_post_07,4.367602735664612,0.4784961362875536,1.9999999999999982,,,fock(N=83)
1000.0,0.00016056163311836322,2.0,cat,pn_pre,33.527646731401504,0.1727024362629599,1.9999999999999982,,,fock(N=79)
1000.0,0.00016056163311836322,2.0,cat,pn_conc,34.97533662068338,0.16909043775342675,1.9999999999999982,,,fock(N=79)
1000.0,0.00016056163311836322,2.0,cat,pn_post,36.51923837093885,0.16547757361687637,1.9999999999999982,,,fock(N=79)
1000.0,0.00016056163311836322,2.0,cat,pn_then_loss,12.983208756913003,0.277529389235123,1.9999999999999982,,,fock(N=81)
1000.0,0.00016056163311836322,2.0,cat,loss_then_pn,15.539192111026209,0.2536797389156525,1.9999999999999982,,,fock(N=81)
1000.0,0.00016056163311836322,2.0,sqz_cat,lossless,39.595721066854445,0.15891901768010458,2.0000000000000004,0.0,0.75,fock(N=78)
1000.0,0.00016056163311836322,2.0,sqz_cat,loss_pre,20.95013444124688,0.2184774372492766,2.0,0.0,0.75,fock(N=79)
1000.0,0.00016056163311836322,2.0,sqz_cat,loss_conc,19.879639198901337,0.2242826872648471,2.0,0.0,0.75,fock(N=79)
1000.0,0.00016056163311836322,2.0,sqz_cat,loss_post,18.855120665273255,0.23029544171466804,2.0,0.0,0.75,fock(N=79)
1000.0,0.00016056163311836322,2.0,sqz_cat,loss_post_07,7.552543887660572,0.3638759658273975,1.9999999999999996,0.0,0.75,fock(N=83)
1000.0,0.00016056163311836322,2.0,sqz_cat,pn_pre,36.04361923495415,0.1665657878781246,2.0,0.0,0.75,fock(N=79)
1000.0,0.00016056163311836322,2.0,sqz_cat,pn_conc,37.85252117221488,0.16253713282613091,2.0,0.0,0.75,fock(N=79)
1000.0,0.00016056163311836322,2.0,sqz_cat,pn_post,39.593824914635306,0.15892282295833973,2.0,0.0,0.75,fock(N=79)
1000.0,0.00016056163311836322,2.0,sqz_cat,pn_then_loss,9.40110251020015,0.32614491059333295,1.9999999999999836,0.0,0.5,fock(N=81)
1000.0,0.00016056163311836322,2.0,sqz_cat,loss_then_pn,10.928339025420582,0.30249828741912865,1.9999999999999836,0.0,0.5,fock(N=81)
1000.0,0.00016056163311836322,2.0,fock,lossless,19.9999999848,0.22360679783494958,2.0,,,fock(N=78)
1000.0,0.00016056163311836322,2.0,fock,loss_pre,13.53569377124277,0.2718064383666306,2.0,,,fock(N=78)
1000.0,0.00016056163311836322,2.0,fock,loss_conc,12.844056371852531,0.279028714642581,2.0,,,fock(N=79)
1000.0,0.00016056163311836322,2.0,fock,loss_post,12.182124304771058,0.2865091436962494,2.0,,,fock(N=79)
1000.0,0.00016056163311836322,2.0,fock,loss_post_07,4.744036179312724,0.4591197801658304,2.0,,,fock(N=81)
1000.0,0.00016056163311836322,2.0,fock,pn_pre,19.9999999848,0.22360679783494958,2.0,,,fock(N=79)
1000.0,0.00016056163311836322,2.0,fock,pn_conc,19.66857002685322,0.22548289743170746,2.0,,,fock(N=79)
1000.0,0.00016056163311836322,2.0,fock,pn_post,19.972557978780735,0.22376036135886931,2.0,,,fock(N=79)
1000.0,0.00016056163311836322,2.0,fock,pn_then_loss,12.182124304805647,0.2865091436958427,2.0,,,fock(N=80)
1000.0,0.00016056163311836322,2.0,fock,loss_then_pn,13.036525908301698,0.2769612840145448,2.0,,,fock(N=80)
31.0,0.9874663374080107,1.0,coherent,lossless,4.000000000000001,0.5,1.0,,,gaussian
31.0,0.9874663374080107,1.0,coherent,loss_post,3.3095594224932587,0.5496862941402373,1.0,,,gaussian
31.0,0.9874663374080107,1.0,coherent,pn_pre,2.939722329088386,0.5832393864511225,1.0,,,fock(N=64)
31.0,0.9874663374080107,1.0,coherent,pn_post,1.9906088705191138,0.7087727834385465,1.0,,,fock(N=64)
31.0,0.9874663374080107,1.0,coherent,pn_then_loss,2.5481608031752145,0.6264502466008844,1.0,,,fock(N=64)
31.0,0.9874663374080107,1.0,coherent,loss_then_pn,2.0626582660020785,0.6962839096514555,1.0,,,fock(N=64)
31.0,0.9874663374080107,1.0,sqz_vac,lossless,23.313708498984727,0.20710678118654768,1.0,0.0,,gaussian
31.0,0.9874663374080107,1.0,sqz_vac,loss_post,11.4795078644561,0.2951469944391264,1.0,0.7330382858376184,,gaussian
31.0,0.9874663374080107,1.0,sqz_vac,pn_pre,21.26288095922532,0.21686474010841394,0.9999999999328897,0.0,,fock(N=65)
31.0,0.9874663374080107,1.0,sqz_vac,pn_post,23.31016637880711,0.20712251615021404,0.9999999999328897,0.0,,fock(N=66)
31.0,0.9874663374080107,1.0,sqz_vac,pn_then_loss,6.310923831645852,0.3980645755657172,0.9999999999668693,0.0,,fock(N=67)
31.0,0.9874663374080107,1.0,sqz_vac,loss_then_pn,9.740974854696011,0.32040463416754683,0.9999999999668693,0.0,,fock(N=67)
31.0,0.9874663374080107,1.0,cat,lossless,21.597429103667327,0.21517854743282813,1.0000000000000684,,,fock(N=64)
31.0,0.9874663374080107,1.0,cat,loss_post,9.188765473133078,0.3298917209118825,1.0000000000000684,,,fock(N=66)
31.0,0.9874663374080107,1.0,cat,pn_pre,19.857710348243998,0.22440649067443302,1.0000000000000684,,,fock(N=65)
31.0,0.9874663374080107,1.0,cat,pn_post,21.596103589957323,0.2151851508864816,1.0000000000000684,,,fock(N=66)
31.0,0.9874663374080107,1.0,cat,pn_then_loss,7.480506898435613,0.3656238236274401,1.000000000000068,,,fock(N=67)
31.0,0.9874663374080107,1.0,cat,loss_then_pn,12.915334826040773,0.2782576834344541,1.000000000000068,,,fock(N=67)
31.0,0.9874663374080107,1.0,sqz_cat,lossless,23.313532000611996,0.2071075651505707,0.9999999999999994,0.0,0.75,fock(N=64)
31.0,0.9874663374080107,1.0,sqz_cat,loss_post,10.282420524470597,0.3118547183465264,0.9999999999999994,0.0,0.75,fock(N=66)
31.0,0.9874663374080107,1.0,sqz_cat,pn_pre,21.262736510755616,0.21686547674282183,0.9999999999999994,0.0,0.75,fock(N=65)
31.0,0.9874663374080107,1.0,sqz_cat,pn_post,23.310467691260314,0.20712117750707834,0.9999999999999994,0.0,0.75,fock(N=66)
31.0,0.9874663374080107,1.0,sqz_cat,pn_then_loss,6.393414942899738,0.3954882218001146,0.9999999999999974,0.0,0.5,fock(N=67)
31.0,0.9874663374080107,1.0,sqz_cat,loss_then_pn,9.962064346880803,0.3168292933507428,0.9999999999999974,0.0,0.5,fock(N=67)
31.0,0.9874663374080107,1.0,fock,lossless,11.999999994399998,0.28867513466217043,1.0,,,fock(N=64)
31.0,0.9874663374080107,1.0,fock,loss_post,7.154270775828523,0.3738671551328764,1.0,,,fock(N=65)
31.0,0.9874663374080107,1.0,fock,pn_pre,11.999999994399998,0.28867513466217043,1.0,,,fock(N=64)
31.0,0.9874663374080107,1.0,fock,pn_post,11.977084099172618,0.2889511654494223,1.0,,,fock(N=65)
31.0,0.9874663374080107,1.0,fock,pn_then_loss,7.154270775828523,0.3738671551328764,1.0,,,fock(N=65)
31.0,0.9874663374080107,1.0,fock,loss_then_pn,9.503313185167624,0.3243862813075503,1.0,,,fock(N=65)
31.0,0.9874663374080107,4.0,coherent,lossless,4.000000000000001,0.5,4.0,,,gaussian
31.0,0.9874663374080107,4.0,coherent,loss_post,3.3095594224932587,0.5496862941402373,4.0,,,gaussian
31.0,0.9874663374080107,4.0,coherent,pn_pre,1.6883532108372008,0.7696058246821323,3.999999999999999,,,fock(N=106)
31.0,0.9874663374080107,4.0,coherent,pn_post,1.205908226744616,0.9106319234547267,3.999999999999999,,,fock(N=106)
31.0,0.9874663374080107,4.0,coherent,pn_then_loss,1.5434082190880563,0.8049327461812796,3.999999999999999,,,fock(N=106)
31.0,0.9874663374080107,4.0,coherent,loss_then_pn,1.2481736783358108,0.8950813125714748,3.999999999999999,,,fock(N=106)
31.0,0.9874663374080107,4.0,sqz_vac,lossless,71.77708763999719,0.1180339887498944,4.0,0.0,,gaussian
31.0,0.9874663374080107,4.0,sqz_vac,loss_post,19.701394560768435,0.22529498036771675,4.0,1.1693705988362009,,gaussian
31.0,0.9874663374080107,4.0,sqz_vac,pn_pre,65.29042077984133,0.12375856534987764,3.999988799414995,0.0,,fock(N=109)
31.0,0.9874663374080107,4.0,sqz_vac,pn_post,71.63925092543298,0.11814748518360353,3.9999929283668454,0.0,,fock(N=113)
31.0,0.9874663374080107,4.0,sqz_vac,pn_then_loss,5.471460261876353,0.4275120646708841,3.999994380230497,0.0,,fock(N=116)
31.0,0.9874663374080107,4.0,sqz_vac,loss_then_pn,8.946570082021317,0.3343272036554449,3.999994380230497,0.0,,fock(N=116)
31.0,0.9874663374080107,4.0,cat,lossless,68.02136221839514,0.12124876884692612,3.9999999999999987,,,fock(N=106)
31.0,0.9874663374080107,4.0,cat,loss_post,6.583224125326968,0.38974511414508667,3.9999999999999987,,,fock(N=112)
31.0,0.9874663374080107,4.0,cat,pn_pre,62.21687396708363,0.12677858689606022,3.9999999999999987,,,fock(N=109)
31.0,0.9874663374080107,4.0,cat,pn_post,68.02069278321878,0.12124936548882968,3.9999999999999987,,,fock(N=112)
31.0,0.9874663374080107,4.0,cat,pn_then_loss,5.467026260373667,0.42768539518466897,3.9999999999999987,,,fock(N=116)
31.0,0.9874663374080107,4.0,cat,loss_then_pn,13.36422536772832,0.27354457402534993,3.9999999999999987,,,fock(N=116)
31.0,0.9874663374080107,4.0,sqz_cat,lossless,71.77624937700244,0.11803467799763906,4.0,0.0,0.75,fock(N=106)
31.0,0.9874663374080107,4.0,sqz_cat,loss_post,14.569964800143245,0.2619815749936996,3.9999999999997784,0.0,0.75,fock(N=113)
31.0,0.9874663374080107,4.0,sqz_cat,pn_pre,65.29121166665085,0.12375781579024464,3.9999999999999964,0.0,0.75,fock(N=109)
31.0,0.9874663374080107,4.0,sqz_cat,pn_post,71.70879261145635,0.11809018280857404,3.999999999999955,0.0,0.5,fock(N=113)
31.0,0.9874663374080107,4.0,sqz_cat,pn_then_loss,5.462783704554829,0.42785143937592496,3.9999999999991163,0.0,0.75,fock(N=116)
31.0,0.9874663374080107,4.0,sqz_cat,loss_then_pn,8.97770751598601,0.3337469256034158,3.9999999999999396,0.0,0.5,fock(N=116)
31.0,0.9874663374080107,4.0,fock,lossless,35.99999995119998,0.16666666677962966,4.0,,,fock(N=106)
31.0,0.9874663374080107,4.0,fock,loss_post,12.505811145485454,0.2827769897831111,4.0,,,fock(N=109)
31.0,0.9874663374080107,4.0,fock,pn_pre,35.99999995119998,0.16666666677962966,4.0,,,fock(N=107)
31.0,0.9874663374080107,4.0,fock,pn_post,35.99910774430319,0.1666687321117662,4.0,,,fock(N=109)
31.0,0.9874663374080107,4.0,fock,pn_then_loss,12.505811145660996,0.28277698978112653,4.0,,,fock(N=111)
31.0,0.9874663374080107,4.0,fock,loss_then_pn,13.15826451542685,0.275677101368461,4.0,,,fock(N=111)
31.0,0.9874663374080107,8.0,coherent,lossless,4.000000000000001,0.5,8.0,,,gaussian
31.0,0.9874663374080107,8.0,coherent,loss_post,3.3095594224932587,0.5496862941402373,8.0,,,gaussian
31.0,0.9874663374080107,8.0,coherent,pn_pre,1.149561848834797,0.9326825016563409,8.000000000000004,,,fock(N=162)
31.0,0.9874663374080107,8.0,coherent,pn_post,1.0043773858422227,0.9978184665322863,8.000000000000004,,,fock(N=162)
31.0,0.9874663374080107,8.0,coherent,pn_then_loss,1.0674447764816413,0.967892872654938,8.000000000000004,,,fock(N=162)
31.0,0.9874663374080107,8.0,coherent,loss_then_pn,1.0273886882634948,0.9865806882020992,8.000000000000004,,,fock(N=162)
31.0,0.9874663374080107,8.0,sqz_vac,lossless,135.882250993918,0.08578643762690197,8.0,0.0,,gaussian
31.0,0.9874663374080107,8.0,sqz_vac,loss_post,24.50372893333799,0.2020151360060696,8.0,1.3264502315156905,,gaussian
31.0,0.9874663374080107,8.0,sqz_vac,pn_pre,123.5565487821653,0.08996365999069417,7.9997468473207896,0.0,,fock(N=168)
31.0,0.9874663374080107,8.0,sqz_vac,pn_post,135.32390747188438,0.08596323194745147,7.999844591703146,0.0,,fock(N=175)
31.0,0.9874663374080107,8.0,sqz_vac,pn_then_loss,4.491152502151665,0.4718686219793566,7.999892179786986,0.0,,fock(N=182)
31.0,0.9874663374080107,8.0,sqz_vac,loss_then_pn,7.403276729810819,0.3675259495637863,7.999892179786986,0.0,,fock(N=182)
31.0,0.9874663374080107,8.0,cat,lossless,132.00001380631377,0.08703882342601076,7.999999999999703,,,fock(N=162)
31.0,0.9874663374080107,8.0,cat,loss_post,3.8769817293004936,0.5078706585145659,7.999999999999703,,,fock(N=175)
31.0,0.9874663374080107,8.0,cat,pn_pre,120.398779433118,0.09113578902225952,7.999999999999703,,,fock(N=168)
31.0,0.9874663374080107,8.0,cat,pn_post,131.9996198298096,0.08703895331739164,7.999999999999703,,,fock(N=175)
31.0,0.9874663374080107,8.0,cat,pn_then_loss,2.3954605249161323,0.6461085539296609,7.999999999999703,,,fock(N=181)
31.0,0.9874663374080107,8.0,cat,loss_then_pn,5.835977895357303,0.41394551441596994,7.999999999999703,,,fock(N=181)
31.0,0.9874663374080107,8.0,sqz_cat,lossless,135.87757641899992,0.0857879132628798,7.999999999998588,0.0,0.5,fock(N=162)
31.0,0.9874663374080107,8.0,sqz_cat,loss_post,16.093105129861954,0.24927577538033774,8.000000000000002,0.0,0.75,fock(N=175)
31.0,0.9874663374080107,8.0,sqz_cat,pn_pre,123.57377996479536,0.0899573874857217,7.999999999999996,0.0,0.5,fock(N=168)
31.0,0.9874663374080107,8.0,sqz_cat,pn_post,135.60167621533134,0.08587514255173205,7.999999999999992,0.0,0.5,fock(N=175)
31.0,0.9874663374080107,8.0,sqz_cat,pn_then_loss,4.469579632271199,0.4730060115784067,7.999999999999983,0.0,0.75,fock(N=182)
31.0,0.9874663374080107,8.0,sqz_cat,loss_then_pn,7.372682462510117,0.3682877175088895,7.999999999999983,0.0,0.75,fock(N=182)
31.0,0.9874663374080107,8.0,fock,lossless,67.9999998264,0.12126781267296127,8.0,,,fock(N=162)
31.0,0.9874663374080107,8.0,fock,loss_post,15.80586359742868,0.25153063380298335,8.0,,,fock(N=168)
31.0,0.9874663374080107,8.0,fock,pn_pre,67.9999998264,0.12126781267296127,8.0,,,fock(N=165)
31.0,0.9874663374080107,8.0,fock,pn_post,67.99951884526087,0.12126824155413964,8.0,,,fock(N=168)
31.0,0.9874663374080107,8.0,fock,pn_then_loss,15.805863597320723,0.2515306338038424,8.0,,,fock(N=172)
31.0,0.9874663374080107,8.0,fock,loss_then_pn,10.015361125117295,0.3159851647642344,8.0,,,fock(N=172)
100.0,0.09085899474109728,1.0,coherent,lossless,4.0,0.5,1.0,,,gaussian
100.0,0.09085899474109728,1.0,coherent,loss_post,3.5973272501615328,0.527242033321426,1.0,,,gaussian
100.0,0.09085899474109728,1.0,coherent,pn_pre,2.939722329088386,0.5832393864511225,1.0,,,fock(N=64)
100.0,0.09085899474109728,1.0,coherent,pn_post,2.680145305854607,0.6108306628135337,1.0,,,fock(N=64)
100.0,0.09085899474109728,1.0,coherent,pn_then_loss,2.715650947120761,0.6068243874296614,1.0,,,fock(N=64)
100.0,0.09085899474109728,1.0,coherent,loss_then_pn,2.751681159035465,0.6028384505256237,1.0,,,fock(N=64)
100.0,0.09085899474109728,1.0,sqz_vac,lossless,23.31370849898476,0.20710678118654754,1.0,0.0,,gaussian
100.0,0.09085899474109728,1.0,sqz_vac,loss_post,14.122255218144597,0.26610189792331296,1.0,0.06981317007977318,,gaussian
100.0,0.09085899474109728,1.0,sqz_vac,pn_pre,21.26288095922532,0.21686474010841394,0.9999999999328897,0.0,,fock(N=65)
100.0,0.09085899474109728,1.0,sqz_vac,pn_post,23.31183678282953,0.20711509536039588,0.9999999999328897,0.0,,fock(N=65)
100.0,0.09085899474109728,1.0,sqz_vac,pn_then_loss,8.872872778451693,0.3357127787132832,0.9999999999328897,0.0,,fock(N=66)
100.0,0.09085899474109728,1.0,sqz_vac,loss_then_pn,10.220374735041915,0.31279988890671756,0.9999999999328897,0.0,,fock(N=66)
100.0,0.09085899474109728,1.0,cat,lossless,21.597429103667327,0.21517854743282813,1.0000000000000684,,,fock(N=64)
100.0,0.09085899474109728,1.0,cat,loss_post,12.831531853460357,0.2791648576983448,1.0000000000000684,,,fock(N=65)
100.0,0.09085899474109728,1.0,cat,pn_pre,19.857710348243998,0.22440649067443302,1.0000000000000684,,,fock(N=65)
100.0,0.09085899474109728,1.0,cat,pn_post,21.59383324010505,0.21519646274411924,1.0000000000000684,,,fock(N=65)
100.0,0.09085899474109728,1.0,cat,pn_then_loss,10.911683434148788,0.3027290660483673,1.0000000000000684,,,fock(N=66)
100.0,0.09085899474109728,1.0,cat,loss_then_pn,13.01427609156006,0.2771979359099005,1.0000000000000684,,,fock(N=66)
100.0,0.09085899474109728,1.0,sqz_cat,lossless,23.313532000611996,0.2071075651505707,0.9999999999999994,0.0,0.75,fock(N=64)
100.0,0.09085899474109728,1.0,sqz_cat,loss_post,14.10476531570991,0.2662668299251136,0.9999999999999994,0.0,0.75,fock(N=65)
100.0,0.09085899474109728,1.0,sqz_cat,pn_pre,21.262736510755616,0.21686547674282183,0.9999999999999994,0.0,0.75,fock(N=65)
100.0,0.09085899474109728,1.0,sqz_cat,pn_post,23.311655026413554,0.2071159027767721,0.9999999999999994,0.0,0.75,fock(N=65)
100.0,0.09085899474109728,1.0,sqz_cat,pn_then_loss,9.050602504729904,0.33240018305233165,0.9999999999999984,0.0,0.5,fock(N=66)
100.0,0.09085899474109728,1.0,sqz_cat,loss_then_pn,10.447422343815152,0.3093822717898601,0.9999999999999984,0.0,0.5,fock(N=66)
100.0,0.09085899474109728,1.0,fock,lossless,11.999999994399998,0.28867513466217043,1.0,,,fock(N=64)
100.0,0.09085899474109728,1.0,fock,loss_post,8.767339279106324,0.3377272419657872,1.0,,,fock(N=64)
100.0,0.09085899474109728,1.0,fock,pn_pre,11.999999994399998,0.28867513466217043,1.0,,,fock(N=64)
100.0,0.09085899474109728,1.0,fock,pn_post,11.938725956339876,0.2894149813411725,1.0,,,fock(N=64)
100.0,0.09085899474109728,1.0,fock,pn_then_loss,8.76733927909166,0.3377272419660696,1.0,,,fock(N=65)
100.0,0.09085899474109728,1.0,fock,loss_then_pn,9.458718564498694,0.3251500672643898,1.0,,,fock(N=65)
100.0,0.09085899474109728,4.0,coherent,lossless,4.0,0.5,4.0,,,gaussian
100.0,0.09085899474109728,4.0,coherent,loss_post,3.5973272501615328,0.527242033321426,4.0,,,gaussian
100.0,0.09085899474109728,4.0,coherent,pn_pre,1.6883532108372008,0.7696058246821323,3.999999999999999,,,fock(N=106)
100.0,0.09085899474109728,4.0,coherent,pn_post,1.5051415413870843,0.8151008177704804,3.999999999999999,,,fock(N=106)
100.0,0.09085899474109728,4.0,coherent,pn_then_loss,1.6043227576426191,0.7895036241667118,3.999999999999999,,,fock(N=106)
100.0,0.09085899474109728,4.0,coherent,loss_then_pn,1.5984810892823502,0.7909449337903596,3.999999999999999,,,fock(N=106)
100.0,0.09085899474109728,4.0,sqz_vac,lossless,71.77708763999662,0.11803398874989487,4.0,0.0,,gaussian
100.0,0.09085899474109728,4.0,sqz_vac,loss_post,23.931222931312337,0.20441725578434866,4.0,0.12217304763960307,,gaussian
100.0,0.09085899474109728,4.0,sqz_vac,pn_pre,65.29042077984133,0.12375856534987764,3.999988799414995,0.0,,fock(N=109)
100.0,0.09085899474109728,4.0,sqz_vac,pn_post,71.77371626144819,0.1180367608829645,3.999988799414995,0.0,,fock(N=109)
100.0,0.09085899474109728,4.0,sqz_vac,pn_then_loss,8.495998061472074,0.34307794313688494,3.9999929283668454,0.0,,fock(N=113)
100.0,0.09085899474109728,4.0,sqz_vac,loss_then_pn,9.977003787823826,0.3165919963714152,3.9999929283668454,0.0,,fock(N=113)
100.0,0.09085899474109728,4.0,cat,lossless,68.02136221839514,0.12124876884692612,3.9999999999999987,,,fock(N=106)
100.0,0.09085899474109728,4.0,cat,loss_post,13.951396338953115,0.26772637746874645,3.9999999999999987,,,fock(N=109)
100.0,0.09085899474109728,4.0,cat,pn_pre,62.21687396708363,0.12677858689606022,3.9999999999999987,,,fock(N=109)
100.0,0.09085899474109728,4.0,cat,pn_post,68.01939984353639,0.12125051786132561,3.9999999999999987,,,fock(N=109)
100.0,0.09085899474109728,4.0,cat,pn_then_loss,11.27029357406646,0.2978738547102248,3.9999999999999987,,,fock(N=112)
100.0,0.09085899474109728,4.0,cat,loss_then_pn,13.542805355173924,0.271735063637548,3.9999999999999987,,,fock(N=112)
100.0,0.09085899474109728,4.0,sqz_cat,lossless,71.77624937700244,0.11803467799763906,4.0,0.0,0.75,fock(N=106)
100.0,0.09085899474109728,4.0,sqz_cat,loss_post,23.84266112643252,0.20479655029952515,3.9999999999999964,0.0,0.75,fock(N=109)
100.0,0.09085899474109728,4.0,sqz_cat,pn_pre,65.29121166665085,0.12375781579024464,3.9999999999999964,0.0,0.75,fock(N=109)
100.0,0.09085899474109728,4.0,sqz_cat,pn_post,71.77463200029487,0.11803600789274331,3.9999999999999964,0.0,0.75,fock(N=109)
100.0,0.09085899474109728,4.0,sqz_cat,pn_then_loss,8.536870048263593,0.34225568035210807,3.999999999999955,0.0,0.5,fock(N=113)
100.0,0.09085899474109728,4.0,sqz_cat,loss_then_pn,10.047232698777073,0.31548358666074094,3.999999999999955,0.0,0.5,fock(N=113)
100.0,0.09085899474109728,4.0,fock,lossless,35.99999995119998,0.16666666677962966,4.0,,,fock(N=106)
100.0,0.09085899474109728,4.0,fock,loss_post,15.955071645107633,0.25035174372431873,4.0,,,fock(N=107)
100.0,0.09085899474109728,4.0,fock,pn_pre,35.99999995119998,0.16666666677962966,4.0,,,fock(N=107)
100.0,0.09085899474109728,4.0,fock,pn_post,35.99829720478226,0.16667060846209864,4.0,,,fock(N=107)
100.0,0.09085899474109728,4.0,fock,pn_then_loss,15.955071645158686,0.2503517437239182,4.0,,,fock(N=109)
100.0,0.09085899474109728,4.0,fock,loss_then_pn,16.91453429553184,0.24314759458386473,4.0,,,fock(N=109)
100.0,0.09085899474109728,8.0,coherent,lossless,4.0,0.5,8.0,,,gaussian
100.0,0.09085899474109728,8.0,coherent,loss_post,3.5973272501615328,0.527242033321426,8.0,,,gaussian
100.0,0.09085899474109728,8.0,coherent,pn_pre,1.149561848834797,0.9326825016563409,8.000000000000004,,,fock(N=162)
100.0,0.09085899474109728,8.0,coherent,pn_post,0.9529025926750812,1.0244145676448568,8.000000000000004,,,fock(N=162)
100.0,0.09085899474109728,8.0,coherent,pn_then_loss,1.097895806682913,0.9543758404064105,8.000000000000004,,,fock(N=162)
100.0,0.09085899474109728,8.0,coherent,loss_then_pn,1.027813646980829,0.9863767118245295,8.000000000000004,,,fock(N=162)
100.0,0.09085899474109728,8.0,sqz_vac,lossless,135.88225099390854,0.08578643762690495,8.0,0.0,,gaussian
100.0,0.09085899474109728,8.0,sqz_vac,loss_post,28.42100318021231,0.1875773078118671,8.0,0.13962634015954636,,gaussian
100.0,0.09085899474109728,8.0,sqz_vac,pn_pre,123.5565487821653,0.08996365999069417,7.9997468473207896,0.0,,fock(N=168)
100.0,0.09085899474109728,8.0,sqz_vac,pn_post,135.85554388523587,0.08579486935909182,7.9997468473207896,0.0,,fock(N=168)
100.0,0.09085899474109728,8.0,sqz_vac,pn_then_loss,7.133203622930829,0.374418836400102,7.999844591703146,0.0,,fock(N=175)
100.0,0.09085899474109728,8.0,sqz_vac,loss_then_pn,8.440709009800905,0.34419973830987294,7.999844591703146,0.0,,fock(N=175)
100.0,0.09085899474109728,8.0,cat,lossless,132.00001380631377,0.08703882342601076,7.999999999999703,,,fock(N=162)
100.0,0.09085899474109728,8.0,cat,loss_post,7.7371975272649065,0.3595076678908425,7.999999999999703,,,fock(N=168)
100.0,0.09085899474109728,8.0,cat,pn_pre,120.398779433118,0.09113578902225952,7.999999999999703,,,fock(N=168)
100.0,0.09085899474109728,8.0,cat,pn_post,131.99908814319858,0.08703912861178256,7.999999999999703,,,fock(N=168)
100.0,0.09085899474109728,8.0,cat,pn_then_loss,4.971093634561397,0.4485119598311759,7.999999999999703,,,fock(N=175)
100.0,0.09085899474109728,8.0,cat,loss_then_pn,5.815483052639167,0.4146742833506269,7.999999999999703,,,fock(N=175)
100.0,0.09085899474109728,8.0,sqz_cat,lossless,135.87757641899992,0.0857879132628798,7.999999999998588,0.0,0.5,fock(N=162)
100.0,0.09085899474109728,8.0,sqz_cat,loss_post,28.272517382318718,0.18806923591823205,7.999999999998183,0.0,0.75,fock(N=168)
100.0,0.09085899474109728,8.0,sqz_cat,pn_pre,123.57377996479536,0.0899573874857217,7.999999999999996,0.0,0.5,fock(N=168)
100.0,0.09085899474109728,8.0,sqz_cat,pn_post,135.8763824791936,0.0857882901693652,7.999999999999996,0.0,0.5,fock(N=168)
100.0,0.09085899474109728,8.0,sqz_cat,pn_then_loss,7.106495847168926,0.37512175079709487,8.000000000000002,0.0,0.75,fock(N=175)
100.0,0.09085899474109728,8.0,sqz_cat,loss_then_pn,8.41182919168039,0.3447900919811216,8.000000000000002,0.0,0.75,fock(N=175)
100.0,0.09085899474109728,8.0,fock,lossless,67.9999998264,0.12126781267296127,8.0,,,fock(N=162)
100.0,0.09085899474109728,8.0,fock,loss_post,18.62637028184745,0.231705255171826,8.0,,,fock(N=165)
100.0,0.09085899474109728,8.0,fock,pn_pre,67.9999998264,0.12126781267296127,8.0,,,fock(N=165)
100.0,0.09085899474109728,8.0,fock,pn_post,67.99848353507555,0.12126916473478443,8.0,,,fock(N=165)
100.0,0.09085899474109728,8.0,fock,pn_then_loss,18.626370281849365,0.2317052551718141,8.0,,,fock(N=168)
100.0,0.09085899474109728,8.0,fock,loss_then_pn,18.98518602984484,0.22950522193567288,8.0,,,fock(N=168)
