freq_hz,K,n_target,state,placement,eta,qfi,eps_min,n_actual,theta,split,method
20.0,2.37894731178945,2.0,coherent,none,1.0,4.000000000000002,0.4999999999999999,2.0,,,gaussian
20.0,2.37894731178945,2.0,coherent,det,0.9,2.3851403717859148,0.6475048537150386,2.0,,,gaussian
20.0,2.37894731178945,2.0,coherent,det,0.7,1.2794315138791763,0.8840798213753809,2.0,,,gaussian
20.0,2.37894731178945,2.0,coherent,inj,0.9,4.000000000000002,0.4999999999999999,2.0,,,gaussian
20.0,2.37894731178945,2.0,coherent,conc,0.9,3.2193962533245233,0.5573304644680946,2.0,,,gaussian
20.0,2.37894731178945,2.0,sqz_vac,none,1.0,39.59591794226859,0.15891862259788475,2.0,0.0,,gaussian
20.0,2.37894731178945,2.0,sqz_vac,det,0.9,7.818436045685648,0.357635034173063,2.0,1.7976891295541595,,gaussian
20.0,2.37894731178945,2.0,sqz_vac,det,0.7,4.0312081147033485,0.4980608325621288,2.0,2.181661564992912,,gaussian
20.0,2.37894731178945,2.0,sqz_vac,inj,0.9,20.951352411650273,0.21847108675422108,2.0,0.0,,gaussian
20.0,2.37894731178945,2.0,sqz_vac,conc,0.9,12.33063268698805,0.2847785796042683,2.0,1.1344640137963142,,gaussian
20.0,2.37894731178945,2.0,cat,none,1.0,36.52270506258908,0.16546971996344087,1.999999999999997,,,fock(N=246)
20.0,2.37894731178945,2.0,cat,det,0.9,3.2411459405729475,0.5554573356750936,1.999999999999997,,,fock(N=246)
20.0,2.37894731178945,2.0,cat,det,0.7,1.2910747617706309,0.8800843621029614,1.999999999999997,,,fock(N=246)
20.0,2.37894731178945,2.0,cat,inj,0.9,17.073098346201547,0.2420158608419784,1.999999999999997,,,fock(N=246)
20.0,2.37894731178945,2.0,cat,conc,0.9,6.657201157335265,0.38757357595165526,1.999999999999997,,,fock(N=246)
20.0,2.37894731178945,2.0,sqz_cat,none,1.0,39.5957267999089,0.1589190061751836,1.9999999999999998,0.0,0.75,fock(N=261)
20.0,2.37894731178945,2.0,sqz_cat,det,0.9,7.660720395609162,0.3612976977861216,2.0000000000000004,1.7976891295541595,0.75,fock(N=161)
20.0,2.37894731178945,2.0,sqz_cat,det,0.7,3.503249884470522,0.5342744941810933,1.9999999999998492,2.181661564992912,0.75,fock(N=134)
20.0,2.37894731178945,2.0,sqz_cat,inj,0.9,20.95013546479901,0.2184774319122455,1.9999999999999998,0.0,0.75,fock(N=261)
20.0,2.37894731178945,2.0,sqz_cat,conc,0.9,12.311989012965034,0.28499411385247914,2.0000000000000004,1.1344640137963142,0.75,fock(N=211)
20.0,2.37894731178945,2.0,fock,none,1.0,19.99999998479996,0.2236067978349498,2.0,,,fock(N=163)
20.0,2.37894731178945,2.0,fock,det,0.9,4.741356832710426,0.4592494864215465,2.0,,,fock(N=163)
20.0,2.37894731178945,2.0,fock,det,0.7,2.373527387841928,0.6490869480063732,2.0,,,fock(N=163)
20.0,2.37894731178945,2.0,fock,inj,0.9,13.53569377153418,0.2718064383637047,2.0,,,fock(N=163)
20.0,2.37894731178945,2.0,fock,conc,0.9,7.697871914265938,0.3604247946799752,2.0,,,fock(N=163)
30.9,0.9938982851922182,2.0,coherent,none,1.0,4.0,0.5,2.0,,,gaussian
30.9,0.9938982851922182,2.0,coherent,det,0.9,3.306073404709976,0.549976020214044,2.0,,,gaussian
30.9,0.9938982851922182,2.0,coherent,det,0.7,2.3189460158485944,0.6566813475658949,2.0,,,gaussian
30.9,0.9938982851922182,2.0,coherent,inj,0.9,4.0,0.5,2.0,,,gaussian
30.9,0.9938982851922182,2.0,coherent,conc,0.9,3.680624701415252,0.5212417951061012,2.0,,,gaussian
30.9,0.9938982851922182,2.0,sqz_vac,none,1.0,39.59591794226525,0.15891862259789147,2.0,0.0,,gaussian
30.9,0.9938982851922182,2.0,sqz_vac,det,0.9,15.128548031385243,0.2570995850956908,2.0,0.9599310885968813,,gaussian
30.9,0.9938982851922182,2.0,sqz_vac,det,0.7,6.553481494946672,0.3906285317737012,2.0,1.361356816555577,,gaussian
30.9,0.9938982851922182,2.0,sqz_vac,inj,0.9,20.951352411650568,0.21847108675421956,2.0,0.0,,gaussian
30.9,0.9938982851922182,2.0,sqz_vac,conc,0.9,17.961032166296857,0.23595780890779758,2.0,0.5235987755982988,,gaussian
30.9,0.9938982851922182,2.0,cat,none,1.0,36.52270506258929,0.16546971996344037,1.9999999999999982,,,fock(N=118)
30.9,0.9938982851922182,2.0,cat,det,0.9,9.179499786362047,0.33005817346764943,1.9999999999999982,,,fock(N=118)
30.9,0.9938982851922182,2.0,cat,det,0.7,2.8609504212895733,0.5912141694403222,1.9999999999999982,,,fock(N=118)
30.9,0.9938982851922182,2.0,cat,inj,0.9,17.073098335360108,0.24201586091881863,1.9999999999999982,,,fock(N=118)
30.9,0.9938982851922182,2.0,cat,conc,0.9,13.144105446539326,0.2758255435909422,1.9999999999999982,,,fock(N=118)
30.9,0.9938982851922182,2.0,sqz_cat,none,1.0,39.59572679964894,0.15891900617570529,1.9999999999999996,0.0,0.75,fock(N=123)
30.9,0.9938982851922182,2.0,sqz_cat,det,0.9,15.112266355632178,0.25723804497676644,2.0000000000000004,0.9599310885968813,0.75,fock(N=111)
30.9,0.9938982851922182,2.0,sqz_cat,det,0.7,6.518086240455337,0.391687713576347,1.999999999999997,1.361356816555577,0.75,fock(N=102)
30.9,0.9938982851922182,2.0,sqz_cat,inj,0.9,20.95013546472568,0.21847743191262786,1.9999999999999996,0.0,0.75,fock(N=123)
30.9,0.9938982851922182,2.0,sqz_cat,conc,0.9,17.958217365633438,0.23597630039165784,1.9999999999999993,0.5235987755982988,0.75,fock(N=119)
30.9,0.9938982851922182,2.0,fock,none,1.0,19.999999984799928,0.22360679783494997,2.0,,,fock(N=93)
30.9,0.9938982851922182,2.0,fock,det,0.9,9.452011974123419,0.3252654004675167,2.0,,,fock(N=93)
30.9,0.9938982851922182,2.0,fock,det,0.7,4.107640595900294,0.4934052671622782,2.0,,,fock(N=93)
30.9,0.9938982851922182,2.0,fock,inj,0.9,13.535693771386407,0.2718064383651884,2.0,,,fock(N=93)
30.9,0.9938982851922182,2.0,fock,conc,0.9,11.52681245845769,0.2945407486691077,2.0,,,fock(N=93)
47.7,0.414393136956846,2.0,coherent,none,1.0,4.000000000000001,0.5,2.0,,,gaussian
47.7,0.414393136956846,2.0,coherent,det,0.9,3.5452089709268155,0.5311033981972824,2.0,,,gaussian
47.7,0.414393136956846,2.0,coherent,det,0.7,2.7025421385414736,0.6082943222977075,2.0,,,gaussian
47.7,0.414393136956846,2.0,coherent,inj,0.9,4.000000000000001,0.5,2.0,,,gaussian
47.7,0.414393136956846,2.0,coherent,conc,0.9,3.7751089397583044,0.5146775863705605,2.0,,,gaussian
47.7,0.414393136956846,2.0,sqz_vac,none,1.0,39.59591794226543,0.1589186225978911,2.0,0.0,,gaussian
47.7,0.414393136956846,2.0,sqz_vac,det,0.9,18.081375173931484,0.23517127364303253,2.0,0.4188790204786391,,gaussian
47.7,0.414393136956846,2.0,sqz_vac,det,0.7,7.357937672754387,0.36865654417138366,2.0,0.6457718232379019,,gaussian
47.7,0.414393136956846,2.0,sqz_vac,inj,0.9,20.951352411650518,0.2184710867542198,2.0,0.0,,gaussian
47.7,0.414393136956846,2.0,sqz_vac,conc,0.9,19.517939099125304,0.22635131438742537,2.0,0.22689280275926285,,gaussian
47.7,0.414393136956846,2.0,cat,none,1.0,36.5227050625894,0.16546971996344012,1.9999999999999982,,,fock(N=96)
47.7,0.414393136956846,2.0,cat,det,0.9,13.846336417707244,0.2687401531824756,1.9999999999999982,,,fock(N=96)
47.7,0.414393136956846,2.0,cat,det,0.7,3.966612368113218,0.5020998818152703,1.9999999999999982,,,fock(N=96)
47.7,0.414393136956846,2.0,cat,inj,0.9,17.073098333411487,0.2420158609326297,1.9999999999999982,,,fock(N=96)
47.7,0.414393136956846,2.0,cat,conc,0.9,15.589697010720116,0.2532684909227192,1.9999999999999982,,,fock(N=96)
47.7,0.414393136956846,2.0,sqz_cat,none,1.0,39.5957267348873,0.158919006305667,2.000000000000001,0.0,0.75,fock(N=98)
47.7,0.414393136956846,2.0,sqz_cat,det,0.9,18.07674168586975,0.23520141163720976,1.9999999999999996,0.4188790204786391,0.75,fock(N=97)
47.7,0.414393136956846,2.0,sqz_cat,det,0.7,7.35499040403515,0.3687304002211666,2.0,0.6457718232379019,0.75,fock(N=95)
47.7,0.414393136956846,2.0,sqz_cat,inj,0.9,20.950135445821935,0.21847743201119624,2.000000000000001,0.0,0.75,fock(N=98)
47.7,0.414393136956846,2.0,sqz_cat,conc,0.9,19.516962127307778,0.22635697961560544,1.9999999999999993,0.22689280275926285,0.75,fock(N=98)
47.7,0.414393136956846,2.0,fock,none,1.0,19.99999998479995,0.22360679783494983,2.0,,,fock(N=81)
47.7,0.414393136956846,2.0,fock,det,0.9,11.596783012916635,0.2936508311554334,2.0,,,fock(N=81)
47.7,0.414393136956846,2.0,fock,det,0.7,4.628246143717007,0.4648274596165234,2.0,,,fock(N=81)
47.7,0.414393136956846,2.0,fock,inj,0.9,13.53569377127058,0.2718064383663514,2.0,,,fock(N=81)
47.7,0.414393136956846,2.0,fock,conc,0.9,12.596025784078387,0.2817625243310612,2.0,,,fock(N=81)
73.7,0.17095082569257145,2.0,coherent,none,1.0,4.0,0.5,2.0,,,gaussian
73.7,0.17095082569257145,2.0,coherent,det,0.9,3.590556202977439,0.5277389339416811,2.0,,,gaussian
73.7,0.17095082569257145,2.0,coherent,det,0.7,2.7829209945371822,0.5994453027618366,2.0,,,gaussian
73.7,0.17095082569257145,2.0,coherent,inj,0.9,4.0,0.5,2.0,,,gaussian
73.7,0.17095082569257145,2.0,coherent,conc,0.9,3.7921060730581804,0.5135228364619462,2.0,,,gaussian
73.7,0.17095082569257145,2.0,sqz_vac,none,1.0,39.59591794226543,0.1589186225978911,2.0,0.0,,gaussian
73.7,0.17095082569257145,2.0,sqz_vac,det,0.9,18.719682578049326,0.23112704129863457,2.0,0.17453292519943295,,gaussian
73.7,0.17095082569257145,2.0,sqz_vac,det,0.7,7.519030651998373,0.3646859839988962,2.0,0.2792526803190927,,gaussian
73.7,0.17095082569257145,2.0,sqz_vac,inj,0.9,20.951352411650515,0.21847108675421986,2.0,0.0,,gaussian
73.7,0.17095082569257145,2.0,sqz_vac,conc,0.9,19.818064396976776,0.22463084062994515,2.0,0.08726646259971647,,gaussian
73.7,0.17095082569257145,2.0,cat,none,1.0,36.522705062589296,0.16546971996344037,1.9999999999999982,,,fock(N=92)
73.7,0.17095082569257145,2.0,cat,det,0.9,15.08859555838624,0.25743974179328966,1.9999999999999982,,,fock(N=92)
73.7,0.17095082569257145,2.0,cat,det,0.7,4.292276908852385,0.48267647679305875,1.9999999999999982,,,fock(N=92)
73.7,0.17095082569257145,2.0,cat,inj,0.9,17.073098333099313,0.24201586093484231,1.9999999999999982,,,fock(N=92)
73.7,0.17095082569257145,2.0,cat,conc,0.9,16.094020885841132,0.24926868333569818,1.9999999999999982,,,fock(N=92)
73.7,0.17095082569257145,2.0,sqz_cat,none,1.0,39.59572663962922,0.158919006496828,1.9999999999999993,0.0,0.75,fock(N=94)
73.7,0.17095082569257145,2.0,sqz_cat,det,0.9,18.717968806724414,0.23113762176903263,1.9999999999999996,0.17453292519943295,0.75,fock(N=94)
73.7,0.17095082569257145,2.0,sqz_cat,det,0.7,7.518480217845987,0.3646993332357634,2.0000000000000004,0.2792526803190927,0.75,fock(N=94)
73.7,0.17095082569257145,2.0,sqz_cat,inj,0.9,20.950135418219602,0.218477432155121,1.9999999999999993,0.0,0.75,fock(N=94)
73.7,0.17095082569257145,2.0,sqz_cat,conc,0.9,19.816678937032453,0.22463869289402877,2.0000000000000013,0.08726646259971647,0.75,fock(N=94)
73.7,0.17095082569257145,2.0,fock,none,1.0,19.999999984799967,0.22360679783494974,2.0,,,fock(N=79)
73.7,0.17095082569257145,2.0,fock,det,0.9,12.078351652863459,0.28773730074211595,2.0,,,fock(N=79)
73.7,0.17095082569257145,2.0,fock,det,0.7,4.724247943117511,0.4600803221374353,2.0,,,fock(N=79)
73.7,0.17095082569257145,2.0,fock,inj,0.9,13.535693771251818,0.2718064383665397,2.0,,,fock(N=79)
73.7,0.17095082569257145,2.0,fock,conc,0.9,12.801233003210703,0.2794950358602135,2.0,,,fock(N=79)
113.8,0.06919822466101729,2.0,coherent,none,1.0,4.000000000000001,0.5,2.0,,,gaussian
113.8,0.06919822466101729,2.0,coherent,det,0.9,3.59844922856148,0.527159831204146,2.0,,,gaussian
113.8,0.06919822466101729,2.0,coherent,det,0.7,2.7971872525480226,0.5979146985273693,2.0,,,gaussian
113.8,0.06919822466101729,2.0,coherent,inj,0.9,4.000000000000001,0.5,2.0,,,gaussian
113.8,0.06919822466101729,2.0,coherent,conc,0.9,3.795036165335889,0.5133245564222473,2.0,,,gaussian
113.8,0.06919822466101729,2.0,sqz_vac,none,1.0,39.59591794226543,0.1589186225978911,2.0,0.0,,gaussian
113.8,0.06919822466101729,2.0,sqz_vac,det,0.9,18.833690079434273,0.23042642940318742,2.0,0.06981317007977318,,gaussian
113.8,0.06919822466101729,2.0,sqz_vac,det,0.7,7.547313995743828,0.36400201745399885,2.0,0.10471975511965978,,gaussian
113.8,0.06919822466101729,2.0,sqz_vac,inj,0.9,20.951352411650515,0.21847108675421986,2.0,0.0,,gaussian
113.8,0.06919822466101729,2.0,sqz_vac,conc,0.9,19.870482147222248,0.2243343601831048,2.0,0.03490658503988659,,gaussian
113.8,0.06919822466101729,2.0,cat,none,1.0,36.5227050625893,0.16546971996344034,1.9999999999999982,,,fock(N=91)
113.8,0.06919822466101729,2.0,cat,det,0.9,15.319811810851677,0.2554896343615118,1.9999999999999982,,,fock(N=91)
113.8,0.06919822466101729,2.0,cat,det,0.7,4.355037215380009,0.4791859377604099,1.9999999999999982,,,fock(N=91)
113.8,0.06919822466101729,2.0,cat,inj,0.9,17.073098333013267,0.24201586093545216,1.9999999999999982,,,fock(N=91)
113.8,0.06919822466101729,2.0,cat,conc,0.9,16.183150634538528,0.2485813038853078,1.9999999999999982,,,fock(N=91)
113.8,0.06919822466101729,2.0,sqz_cat,none,1.0,39.59572655980675,0.15891900665701333,1.9999999999999993,0.0,0.75,fock(N=93)
113.8,0.06919822466101729,2.0,sqz_cat,det,0.9,18.83246586194183,0.23043391879632946,1.9999999999999998,0.06981317007977318,0.75,fock(N=93)
113.8,0.06919822466101729,2.0,sqz_cat,det,0.7,7.546702903911469,0.3640167546286212,2.0000000000000004,0.10471975511965978,0.75,fock(N=93)
113.8,0.06919822466101729,2.0,sqz_cat,inj,0.9,20.95013541824061,0.2184774321550115,1.9999999999999993,0.0,0.75,fock(N=93)
113.8,0.06919822466101729,2.0,sqz_cat,conc,0.9,19.869283109427517,0.22434112895571445,2.000000000000001,0.03490658503988659,0.75,fock(N=93)
113.8,0.06919822466101729,2.0,fock,none,1.0,19.999999984800006,0.22360679783494952,2.0,,,fock(N=79)
113.8,0.06919822466101729,2.0,fock,det,0.9,12.164999069362084,0.2867107389010277,2.0,,,fock(N=79)
113.8,0.06919822466101729,2.0,fock,det,0.7,4.740791994777626,0.4592768440660865,2.0,,,fock(N=79)
113.8,0.06919822466101729,2.0,fock,inj,0.9,13.535693771251822,0.2718064383665397,2.0,,,fock(N=79)
113.8,0.06919822466101729,2.0,fock,conc,0.9,12.83702248784052,0.2791051493001206,2.0,,,fock(N=79)
175.8,0.026765648747457786,2.0,coherent,none,1.0,4.0,0.5,2.0,,,gaussian
175.8,0.026765648747457786,2.0,coherent,det,0.9,3.599767901380058,0.5270632673376126,2.0,,,gaussian
175.8,0.026765648747457786,2.0,coherent,det,0.7,2.799578820191682,0.5976592567168374,2.0,,,gaussian
175.8,0.026765648747457786,2.0,coherent,inj,0.9,4.0,0.5,2.0,,,gaussian
175.8,0.026765648747457786,2.0,coherent,conc,0.9,3.795524877823398,0.5132915074758011,2.0,,,gaussian
175.8,0.026765648747457786,2.0,sqz_vac,none,1.0,39.59591794226543,0.1589186225978911,2.0,0.0,,gaussian
175.8,0.026765648747457786,2.0,sqz_vac,det,0.9,18.852630490953874,0.23031065064955064,2.0,0.03490658503988659,,gaussian
175.8,0.026765648747457786,2.0,sqz_vac,det,0.7,7.552023153328157,0.36388851077317325,2.0,0.03490658503988659,,gaussian
175.8,0.026765648747457786,2.0,sqz_vac,inj,0.9,20.951352411650515,0.21847108675421986,2.0,0.0,,gaussian
175.8,0.026765648747457786,2.0,sqz_vac,conc,0.9,19.87920499212477,0.22428513667192712,2.0,0.017453292519943295,,gaussian
175.8,0.026765648747457786,2.0,cat,none,1.0,36.52270506258928,0.1654697199634404,1.9999999999999982,,,fock(N=91)
175.8,0.026765648747457786,2.0,cat,det,0.9,15.358895773728602,0.2551643535531565,1.9999999999999982,,,fock(N=91)
175.8,0.026765648747457786,2.0,cat,det,0.7,4.36571716214901,0.4785994574841697,1.9999999999999982,,,fock(N=91)
175.8,0.026765648747457786,2.0,cat,inj,0.9,17.07309833301327,0.2420158609354521,1.9999999999999982,,,fock(N=91)
175.8,0.026765648747457786,2.0,cat,conc,0.9,16.19808039785795,0.2484667188387324,1.9999999999999982,,,fock(N=91)
175.8,0.026765648747457786,2.0,sqz_cat,none,1.0,39.59572655980679,0.15891900665701325,1.9999999999999993,0.0,0.75,fock(N=93)
175.8,0.026765648747457786,2.0,sqz_cat,det,0.9,18.851627476976233,0.23031677748739188,2.000000000000001,0.03490658503988659,0.75,fock(N=93)
175.8,0.026765648747457786,2.0,sqz_cat,det,0.7,7.551527913618015,0.3639004427350304,2.000000000000001,0.03490658503988659,0.75,fock(N=93)
175.8,0.026765648747457786,2.0,sqz_cat,inj,0.9,20.95013541824064,0.2184774321550113,1.9999999999999993,0.0,0.75,fock(N=93)
175.8,0.026765648747457786,2.0,sqz_cat,conc,0.9,19.87807253083238,0.2242915253853678,2.0000000000000004,0.017453292519943295,0.75,fock(N=93)
175.8,0.026765648747457786,2.0,fock,none,1.0,19.99999998479999,0.2236067978349496,2.0,,,fock(N=79)
175.8,0.026765648747457786,2.0,fock,det,0.9,12.179559183005466,0.2865393127745326,2.0,,,fock(N=79)
175.8,0.026765648747457786,2.0,fock,det,0.7,4.743550782451792,0.4591432699111211,2.0,,,fock(N=79)
175.8,0.026765648747457786,2.0,fock,inj,0.9,13.535693771251813,0.2718064383665398,2.0,,,fock(N=79)
175.8,0.026765648747457786,2.0,fock,conc,0.9,12.843003783188344,0.27904014874512406,2.0,,,fock(N=79)
271.4,0.009491822525629835,2.0,coherent,none,1.0,4.0,0.5,2.0,,,gaussian
271.4,0.009491822525629835,2.0,coherent,det,0.9,3.599970809555557,0.5270484134737048,2.0,,,gaussian
271.4,0.009491822525629835,2.0,coherent,det,0.7,2.7999470253216976,0.5976199580376911,2.0,,,gaussian
271.4,0.009491822525629835,2.0,coherent,inj,0.9,4.0,0.5,2.0,,,gaussian
271.4,0.009491822525629835,2.0,coherent,conc,0.9,3.795600056876921,0.5132864240950157,2.0,,,gaussian
271.4,0.009491822525629835,2.0,sqz_vac,none,1.0,39.59591794226543,0.1589186225978911,2.0,0.0,,gaussian
271.4,0.009491822525629835,2.0,sqz_vac,det,0.9,18.855533178219854,0.23029292255040076,2.0,0.017453292519943295,,gaussian
271.4,0.009491822525629835,2.0,sqz_vac,det,0.7,7.552872120971148,0.36386805906632474,2.0,0.017453292519943295,,gaussian
271.4,0.009491822525629835,2.0,sqz_vac,inj,0.9,20.951352411650515,0.21847108675421986,2.0,0.0,,gaussian
271.4,0.009491822525629835,2.0,sqz_vac,conc,0.9,19.88047695792046,0.22427796160298316,2.0,0.0,,gaussian
271.4,0.009491822525629835,2.0,cat,none,1.0,36.522705062589324,0.1654697199634403,1.9999999999999982,,,fock(N=91)
271.4,0.009491822525629835,2.0,cat,det,0.9,15.3649214078497,0.25511431496960885,1.9999999999999982,,,fock(N=91)
271.4,0.009491822525629835,2.0,cat,det,0.7,4.367365554592999,0.47850912909570603,1.9999999999999982,,,fock(N=91)
271.4,0.009491822525629835,2.0,cat,inj,0.9,17.073098333013295,0.24201586093545197,1.9999999999999982,,,fock(N=91)
271.4,0.009491822525629835,2.0,cat,conc,0.9,16.200378677309455,0.2484490937504529,1.9999999999999982,,,fock(N=91)
271.4,0.009491822525629835,2.0,sqz_cat,none,1.0,39.59572655980679,0.15891900665701325,1.9999999999999993,0.0,0.75,fock(N=93)
271.4,0.009491822525629835,2.0,sqz_cat,det,0.9,18.854491898660072,0.23029928167170555,2.0000000000000004,0.017453292519943295,0.75,fock(N=93)
271.4,0.009491822525629835,2.0,sqz_cat,det,0.7,7.552436075613144,0.3638785630074656,2.0000000000000004,0.017453292519943295,0.75,fock(N=93)
271.4,0.009491822525629835,2.0,sqz_cat,inj,0.9,20.950135418240627,0.21847743215501136,1.9999999999999993,0.0,0.75,fock(N=93)
271.4,0.009491822525629835,2.0,sqz_cat,conc,0.9,19.879322150932307,0.22428447575860025,1.9999999999999993,0.0,0.75,fock(N=93)
271.4,0.009491822525629835,2.0,fock,none,1.0,19.9999999848,0.22360679783494958,2.0,,,fock(N=79)
271.4,0.009491822525629835,2.0,fock,det,0.9,12.181801734882917,0.2865129370025536,2.0,,,fock(N=79)
271.4,0.009491822525629835,2.0,fock,det,0.7,4.743975149569907,0.45912273337185555,2.0,,,fock(N=79)
271.4,0.009491822525629835,2.0,fock,inj,0.9,13.535693771251795,0.27180643836653995,2.0,,,fock(N=79)
271.4,0.009491822525629835,2.0,fock,conc,0.9,12.84392417853779,0.2790301505602676,2.0,,,fock(N=79)
419.2,0.0029048914130861245,2.0,coherent,none,1.0,4.0,0.5,2.0,,,gaussian
419.2,0.0029048914130861245,2.0,coherent,det,0.9,3.5999972659623807,0.527046476828781,2.0,,,gaussian
419.2,0.0029048914130861245,2.0,coherent,det,0.7,2.7999950382330487,0.597614834171991,2.0,,,gaussian
419.2,0.0029048914130861245,2.0,coherent,inj,0.9,4.0,0.5,2.0,,,gaussian
419.2,0.0029048914130861245,2.0,coherent,conc,0.9,3.795609858775874,0.51328576133131,2.0,,,gaussian
419.2,0.0029048914130861245,2.0,sqz_vac,none,1.0,39.59591794226543,0.1589186225978911,2.0,0.0,,gaussian
419.2,0.0029048914130861245,2.0,sqz_vac,det,0.9,18.85613475345444,0.23028924895489192,2.0,0.0,,gaussian
419.2,0.0029048914130861245,2.0,sqz_vac,det,0.7,7.552935560088702,0.36386653095074234,2.0,0.0,,gaussian
419.2,0.0029048914130861245,2.0,sqz_vac,inj,0.9,20.951352411650515,0.21847108675421986,2.0,0.0,,gaussian
419.2,0.0029048914130861245,2.0,sqz_vac,conc,0.9,19.88076543578578,0.22427633441557648,2.0,0.0,,gaussian
419.2,0.0029048914130861245,2.0,cat,none,1.0,36.522705062589324,0.1654697199634403,1.9999999999999982,,,fock(N=91)
419.2,0.0029048914130861245,2.0,cat,det,0.9,15.365707296390909,0.2551077908969907,1.9999999999999982,,,fock(N=91)
419.2,0.0029048914130861245,2.0,cat,det,0.7,4.367580582000477,0.47849734982317726,1.9999999999999982,,,fock(N=91)
419.2,0.0029048914130861245,2.0,cat,inj,0.9,17.073098333013295,0.24201586093545197,1.9999999999999982,,,fock(N=91)
419.2,0.0029048914130861245,2.0,cat,conc,0.9,16.200678361685725,0.2484467958017385,1.9999999999999982,,,fock(N=91)
419.2,0.0029048914130861245,2.0,sqz_cat,none,1.0,39.5957265598068,0.15891900665701322,1.9999999999999993,0.0,0.75,fock(N=93)
419.2,0.0029048914130861245,2.0,sqz_cat,det,0.9,18.85503944366436,0.23029593773447776,1.9999999999999993,0.0,0.75,fock(N=93)
419.2,0.0029048914130861245,2.0,sqz_cat,det,0.7,7.552494539738393,0.36387715460637765,1.9999999999999993,0.0,0.75,fock(N=93)
419.2,0.0029048914130861245,2.0,sqz_cat,inj,0.9,20.95013541824062,0.21847743215501142,1.9999999999999993,0.0,0.75,fock(N=93)
419.2,0.0029048914130861245,2.0,sqz_cat,conc,0.9,19.879610620618596,0.22428284847554356,1.9999999999999993,0.0,0.75,fock(N=93)
419.2,0.0029048914130861245,2.0,fock,none,1.0,19.9999999848,0.22360679783494958,2.0,,,fock(N=79)
419.2,0.0029048914130861245,2.0,fock,det,0.9,12.182094175386236,0.2865094980006401,2.0,,,fock(N=79)
419.2,0.0029048914130861245,2.0,fock,det,0.7,4.744030479016809,0.4591200559985673,2.0,,,fock(N=79)
419.2,0.0029048914130861245,2.0,fock,inj,0.9,13.535693771251808,0.2718064383665399,2.0,,,fock(N=79)
419.2,0.0029048914130861245,2.0,fock,conc,0.9,12.84404416673399,0.2790288472167798,2.0,,,fock(N=79)
647.5,0.000740674097210292,2.0,coherent,none,1.0,4.0,0.5,2.0,,,gaussian
647.5,0.000740674097210292,2.0,coherent,det,0.9,3.5999998222542184,0.5270462897058765,2.0,,,gaussian
647.5,0.000740674097210292,2.0,coherent,det,0.7,2.7999996774243443,0.5976143390914544,2.0,,,gaussian
647.5,0.000740674097210292,2.0,coherent,inj,0.9,4.0,0.5,2.0,,,gaussian
647.5,0.000740674097210292,2.0,coherent,conc,0.9,3.7956108058577445,0.5132856972937025,2.0,,,gaussian
647.5,0.000740674097210292,2.0,sqz_vac,none,1.0,39.59591794226543,0.1589186225978911,2.0,0.0,,gaussian
647.5,0.000740674097210292,2.0,sqz_vac,det,0.9,18.85621181235544,0.23028877839763626,2.0,0.0,,gaussian
647.5,0.000740674097210292,2.0,sqz_vac,det,0.7,7.552981782893392,0.36386541755223234,2.0,0.0,,gaussian
647.5,0.000740674097210292,2.0,sqz_vac,inj,0.9,20.951352411650515,0.21847108675421986,2.0,0.0,,gaussian
647.5,0.000740674097210292,2.0,sqz_vac,conc,0.9,19.880793309542035,0.22427617719282447,2.0,0.0,,gaussian
647.5,0.000740674097210292,2.0,cat,none,1.0,36.522705062589296,0.16546971996344037,1.9999999999999982,,,fock(N=91)
647.5,0.000740674097210292,2.0,cat,det,0.9,15.365783234292952,0.25510716052318955,1.9999999999999982,,,fock(N=91)
647.5,0.000740674097210292,2.0,cat,det,0.7,4.367601360034051,0.4784962116417128,1.9999999999999982,,,fock(N=91)
647.5,0.000740674097210292,2.0,cat,inj,0.9,17.07309833301328,0.24201586093545205,1.9999999999999982,,,fock(N=91)
647.5,0.000740674097210292,2.0,cat,conc,0.9,16.200707337529547,0.24844657362135397,1.9999999999999982,,,fock(N=91)
647.5,0.000740674097210292,2.0,sqz_cat,none,1.0,39.595726559806764,0.15891900665701328,1.9999999999999993,0.0,0.75,fock(N=93)
647.5,0.000740674097210292,2.0,sqz_cat,det,0.9,18.8551165000464,0.23029546715160198,1.9999999999999993,0.0,0.75,fock(N=93)
647.5,0.000740674097210292,2.0,sqz_cat,det,0.7,7.5525407576606485,0.363876041227959,1.9999999999999993,0.0,0.75,fock(N=93)
647.5,0.000740674097210292,2.0,sqz_cat,inj,0.9,20.950135418240578,0.2184774321550116,1.9999999999999993,0.0,0.75,fock(N=93)
647.5,0.000740674097210292,2.0,sqz_cat,conc,0.9,19.87963849358442,0.22428269124355055,1.9999999999999993,0.0,0.75,fock(N=93)
647.5,0.000740674097210292,2.0,fock,none,1.0,19.999999984800006,0.22360679783494952,2.0,,,fock(N=79)
647.5,0.000740674097210292,2.0,fock,det,0.9,12.182122432318142,0.28650916571519003,2.0,,,fock(N=79)
647.5,0.000740674097210292,2.0,fock,det,0.7,4.744035825049554,0.4591197973083259,2.0,,,fock(N=79)
647.5,0.000740674097210292,2.0,fock,inj,0.9,13.535693771251804,0.2718064383665399,2.0,,,fock(N=79)
647.5,0.000740674097210292,2.0,fock,conc,0.9,12.844055758682318,0.27902872130294193,2.0,,,fock(N=79)
1000.0,0.00016056163311836322,2.0,coherent,none,1.0,4.0,0.5,2.0,,,gaussian
1000.0,0.00016056163311836322,2.0,coherent,det,0.9,3.599999991647267,0.5270462773061573,2.0,,,gaussian
1000.0,0.00016056163311836322,2.0,coherent,det,0.7,2.7999999848413375,0.5976143062848813,2.0,,,gaussian
1000.0,0.00016056163311836322,2.0,coherent,inj,0.9,4.0,0.5,2.0,,,gaussian
1000.0,0.00016056163311836322,2.0,coherent,conc,0.9,3.795610868616231,0.5132856930502441,2.0,,,gaussian
1000.0,0.00016056163311836322,2.0,sqz_vac,none,1.0,39.59591794226543,0.1589186225978911,2.0,0.0,,gaussian
1000.0,0.00016056163311836322,2.0,sqz_vac,det,0.9,18.85621691869307,0.2302887472160811,2.0,0.0,,gaussian
1000.0,0.00016056163311836322,2.0,sqz_vac,det,0.7,7.552984845871913,0.36386534377265417,2.0,0.0,,gaussian
1000.0,0.00016056163311836322,2.0,sqz_vac,inj,0.9,20.951352411650515,0.21847108675421986,2.0,0.0,,gaussian
1000.0,0.00016056163311836322,2.0,sqz_vac,conc,0.9,19.880795156601998,0.2242761667744395,2.0,0.0,,gaussian
1000.0,0.00016056163311836322,2.0,cat,none,1.0,36.522705062589296,0.16546971996344037,1.9999999999999982,,,fock(N=91)
1000.0,0.00016056163311836322,2.0,cat,det,0.9,15.365788270432203,0.2551071187174824,1.9999999999999982,,,fock(N=91)
1000.0,0.00016056163311836322,2.0,cat,det,0.7,4.367602741071524,0.47849613599137436,1.9999999999999982,,,fock(N=91)
1000.0,0.00016056163311836322,2.0,cat,inj,0.9,17.073098333013284,0.24201586093545202,1.9999999999999982,,,fock(N=91)
1000.0,0.00016056163311836322,2.0,cat,conc,0.9,16.200709314953983,0.2484465584589209,1.9999999999999982,,,fock(N=91)
1000.0,0.00016056163311836322,2.0,sqz_cat,none,1.0,39.595726559806735,0.15891900665701336,1.9999999999999993,0.0,0.75,fock(N=93)
1000.0,0.00016056163311836322,2.0,sqz_cat,det,0.9,18.85512160621717,0.23029543596834876,1.9999999999999993,0.0,0.75,fock(N=93)
1000.0,0.00016056163311836322,2.0,sqz_cat,det,0.7,7.552543820315554,0.36387596744971407,1.9999999999999993,0.0,0.75,fock(N=93)
1000.0,0.00016056163311836322,2.0,sqz_cat,inj,0.9,20.950135418240695,0.21847743215501103,1.9999999999999993,0.0,0.75,fock(N=93)
1000.0,0.00016056163311836322,2.0,sqz_cat,conc,0.9,19.879640340591763,0.22428268082455455,1.9999999999999993,0.0,0.75,fock(N=93)
1000.0,0.00016056163311836322,2.0,fock,none,1.0,19.999999984799977,0.2236067978349497,2.0,,,fock(N=79)
1000.0,0.00016056163311836322,2.0,fock,det,0.9,12.182124304771033,0.2865091436962497,2.0,,,fock(N=79)
1000.0,0.00016056163311836322,2.0,fock,det,0.7,4.744036179304899,0.4591197801662091,2.0,,,fock(N=79)
1000.0,0.00016056163311836322,2.0,fock,inj,0.9,13.535693771251808,0.2718064383665399,2.0,,,fock(N=79)
1000.0,0.00016056163311836322,2.0,fock,conc,0.9,12.844056528245755,0.2790287129438108,2.0,,,fock(N=79)
100.0,0.09085899474109728,1.0,coherent,none,1.0,4.0,0.5,1.0,,,gaussian
100.0,0.09085899474109728,1.0,coherent,det,0.9,3.5973272501615328,0.527242033321426,1.0,,,gaussian
100.0,0.09085899474109728,1.0,coherent,det,0.7,2.7951542508395533,0.598132099884515,1.0,,,gaussian
100.0,0.09085899474109728,1.0,sqz_vac,none,1.0,23.31370849898476,0.20710678118654754,1.0,0.0,,gaussian
100.0,0.09085899474109728,1.0,sqz_vac,det,0.9,14.122255218144597,0.26610189792331296,1.0,0.06981317007977318,,gaussian
100.0,0.09085899474109728,1.0,sqz_vac,det,0.7,6.653766327516851,0.3876736003174667,1.0,0.12217304763960307,,gaussian
100.0,0.09085899474109728,1.0,cat,none,1.0,21.59742910366729,0.2151785474328283,1.000000000000068,,,fock(N=68)
100.0,0.09085899474109728,1.0,cat,det,0.9,12.831531853802929,0.2791648576946183,1.000000000000068,,,fock(N=68)
100.0,0.09085899474109728,1.0,cat,det,0.7,5.364776138525472,0.4317418993612889,1.000000000000068,,,fock(N=68)
100.0,0.09085899474109728,1.0,sqz_cat,none,1.0,23.313532004258324,0.2071075651343745,0.9999999999999999,0.0,0.75,fock(N=69)
100.0,0.09085899474109728,1.0,sqz_cat,det,0.9,14.121723342515411,0.26610690906035034,0.9999999999999993,0.06981317007977318,0.75,fock(N=69)
100.0,0.09085899474109728,1.0,sqz_cat,det,0.7,6.653193360997098,0.38769029299415986,1.0000000000000002,0.12217304763960307,0.75,fock(N=69)
100.0,0.09085899474109728,1.0,fock,none,1.0,11.999999994400001,0.2886751346621704,1.0,,,fock(N=61)
100.0,0.09085899474109728,1.0,fock,det,0.9,8.767339279220028,0.33772724196359716,1.0,,,fock(N=61)
100.0,0.09085899474109728,1.0,fock,det,0.7,4.3575482459497845,0.47904785277968387,1.0,,,fock(N=61)
100.0,0.09085899474109728,2.0,coherent,none,1.0,4.0,0.5,2.0,,,gaussian
100.0,0.09085899474109728,2.0,coherent,det,0.9,3.5973272501615328,0.527242033321426,2.0,,,gaussian
100.0,0.09085899474109728,2.0,coherent,det,0.7,2.7951542508395533,0.598132099884515,2.0,,,gaussian
100.0,0.09085899474109728,2.0,sqz_vac,none,1.0,39.59591794226543,0.1589186225978911,2.0,0.0,,gaussian
100.0,0.09085899474109728,2.0,sqz_vac,det,0.9,18.81718500771823,0.23052746393977275,2.0,0.08726646259971647,,gaussian
100.0,0.09085899474109728,2.0,sqz_vac,det,0.7,7.5432795212559,0.3640993465095697,2.0,0.13962634015954636,,gaussian
100.0,0.09085899474109728,2.0,cat,none,1.0,36.52270506258928,0.1654697199634404,1.9999999999999982,,,fock(N=91)
100.0,0.09085899474109728,2.0,cat,det,0.9,15.28666086811527,0.25576651416488155,1.9999999999999982,,,fock(N=91)
100.0,0.09085899474109728,2.0,cat,det,0.7,4.345994771861703,0.4796841850534165,1.9999999999999982,,,fock(N=91)
100.0,0.09085899474109728,2.0,sqz_cat,none,1.0,39.595726559806764,0.15891900665701328,1.9999999999999993,0.0,0.75,fock(N=93)
100.0,0.09085899474109728,2.0,sqz_cat,det,0.9,18.81571566965108,0.230536464824238,2.0000000000000013,0.08726646259971647,0.75,fock(N=93)
100.0,0.09085899474109728,2.0,sqz_cat,det,0.7,7.542591210717375,0.3641159593481159,2.0,0.13962634015954636,0.75,fock(N=93)
100.0,0.09085899474109728,2.0,fock,none,1.0,19.99999998479995,0.22360679783494983,2.0,,,fock(N=79)
100.0,0.09085899474109728,2.0,fock,det,0.9,12.152629782150868,0.28685661290485603,2.0,,,fock(N=79)
100.0,0.09085899474109728,2.0,fock,det,0.7,4.7384435278576245,0.45939064333991014,2.0,,,fock(N=79)
100.0,0.09085899474109728,4.0,coherent,none,1.0,4.0,0.5,4.0,,,gaussian
100.0,0.09085899474109728,4.0,coherent,det,0.9,3.5973272501615328,0.527242033321426,4.0,,,gaussian
100.0,0.09085899474109728,4.0,coherent,det,0.7,2.7951542508395533,0.598132099884515,4.0,,,gaussian
100.0,0.09085899474109728,4.0,sqz_vac,none,1.0,71.77708763999662,0.11803398874989487,4.0,0.0,,gaussian
100.0,0.09085899474109728,4.0,sqz_vac,det,0.9,23.931222931312337,0.20441725578434866,4.0,0.12217304763960307,,gaussian
100.0,0.09085899474109728,4.0,sqz_vac,det,0.7,8.252391103889124,0.34810486981404676,4.0,0.15707963267948966,,gaussian
100.0,0.09085899474109728,4.0,cat,none,1.0,68.02136221839517,0.12124876884692609,3.9999999999999996,,,fock(N=139)
100.0,0.09085899474109728,4.0,cat,det,0.9,13.951396347513638,0.2677263773866085,3.9999999999999996,,,fock(N=139)
100.0,0.09085899474109728,4.0,cat,det,0.7,3.0594551651428272,0.5717128496507196,3.9999999999999996,,,fock(N=139)
100.0,0.09085899474109728,4.0,sqz_cat,none,1.0,71.77692169298766,0.11803412519609235,3.9999999999999933,0.0,0.75,fock(N=142)
100.0,0.09085899474109728,4.0,sqz_cat,det,0.9,23.929021096991235,0.20442666031816584,3.9999999999999987,0.12217304763960307,0.75,fock(N=142)
100.0,0.09085899474109728,4.0,sqz_cat,det,0.7,8.25179065007351,0.34811753476786633,3.9999999999999947,0.15707963267948966,0.75,fock(N=141)
100.0,0.09085899474109728,4.0,fock,none,1.0,35.9999999512,0.1666666667796296,4.0,,,fock(N=115)
100.0,0.09085899474109728,4.0,fock,det,0.9,15.955071645366012,0.25035174372229163,4.0,,,fock(N=115)
100.0,0.09085899474109728,4.0,fock,det,0.7,4.873846061860737,0.45296442636163425,4.0,,,fock(N=115)
100.0,0.09085899474109728,8.0,coherent,none,1.0,4.0,0.5,8.0,,,gaussian
100.0,0.09085899474109728,8.0,coherent,det,0.9,3.5973272501615328,0.527242033321426,8.0,,,gaussian
100.0,0.09085899474109728,8.0,coherent,det,0.7,2.7951542508395533,0.598132099884515,8.0,,,gaussian
100.0,0.09085899474109728,8.0,sqz_vac,none,1.0,135.88225099390854,0.08578643762690495,8.0,0.0,,gaussian
100.0,0.09085899474109728,8.0,sqz_vac,det,0.9,28.42100318021231,0.1875773078118671,8.0,0.13962634015954636,,gaussian
100.0,0.09085899474109728,8.0,sqz_vac,det,0.7,8.729072540367842,0.33846670123813033,8.0,0.17453292519943295,,gaussian
100.0,0.09085899474109728,8.0,cat,none,1.0,132.00001380631397,0.0870388234260107,7.999999999999703,,,fock(N=235)
100.0,0.09085899474109728,8.0,cat,det,0.9,7.737197518054986,0.3595076681048112,7.999999999999703,,,fock(N=235)
100.0,0.09085899474109728,8.0,cat,det,0.7,2.7993975596338334,0.5976786055757265,7.999999999999703,,,fock(N=235)
100.0,0.09085899474109728,8.0,sqz_cat,none,1.0,135.8820389588504,0.08578650455894887,7.999999999999988,0.0,0.75,fock(N=238)
100.0,0.09085899474109728,8.0,sqz_cat,det,0.9,28.417947078872185,0.18758739368909236,7.999999999999985,0.13962634015954636,0.75,fock(N=238)
100.0,0.09085899474109728,8.0,sqz_cat,det,0.7,8.728702432079011,0.33847387687533004,7.999999999999969,0.17453292519943295,0.75,fock(N=237)
100.0,0.09085899474109728,8.0,fock,none,1.0,67.99999982639997,0.1212678126729613,8.0,,,fock(N=187)
100.0,0.09085899474109728,8.0,fock,det,0.9,18.626370281961325,0.2317052551711177,8.0,,,fock(N=187)
100.0,0.09085899474109728,8.0,fock,det,0.7,4.841359390607897,0.4544816348459745,8.0,,,fock(N=187)
100.0,0.09085899474109728,16.0,coherent,none,1.0,4.0,0.5,16.0,,,gaussian
100.0,0.09085899474109728,16.0,coherent,det,0.9,3.5973272501615328,0.527242033321426,16.0,,,gaussian
100.0,0.09085899474109728,16.0,coherent,det,0.7,2.7951542508395533,0.598132099884515,16.0,,,gaussian
100.0,0.09085899474109728,16.0,sqz_vac,none,1.0,263.9393800197643,0.061552812808830376,16.0,0.0,,gaussian
100.0,0.09085899474109728,16.0,sqz_vac,det,0.9,31.651479886692997,0.1777472906864574,16.0,0.15707963267948966,,gaussian
100.0,0.09085899474109728,16.0,sqz_vac,det,0.7,9.012108606368514,0.3331093258915673,16.0,0.17453292519943295,,gaussian
100.0,0.09085899474109728,16.0,cat,none,1.0,259.99999771226953,0.0620173675674485,16.000000000000007,,,fock(N=420)
100.0,0.09085899474109728,16.0,cat,det,0.9,3.929520539504964,0.5044640455824854,16.000000000000007,,,fock(N=420)
100.0,0.09085899474109728,16.0,cat,det,0.7,2.7951548680200218,0.5981320338496283,16.000000000000007,,,fock(N=420)
100.0,0.09085899474109728,16.0,sqz_cat,none,1.0,263.9385056404928,0.061552914765267,16.00000000000001,0.0,0.75,fock(N=420)
100.0,0.09085899474109728,16.0,sqz_cat,det,0.9,31.648717008974437,0.1777550490311541,16.000000000000018,0.15707963267948966,0.75,fock(N=420)
100.0,0.09085899474109728,16.0,sqz_cat,det,0.7,9.011818236984306,0.3331146923985341,15.999999999999991,0.17453292519943295,0.75,fock(N=420)
100.0,0.09085899474109728,16.0,fock,none,1.0,131.99999934639987,0.087038828193336,16.0,,,fock(N=331)
100.0,0.09085899474109728,16.0,fock,det,0.9,19.33546659606317,0.22741686669753636,16.0,,,fock(N=331)
100.0,0.09085899474109728,16.0,fock,det,0.7,4.772805201422852,0.45773397131113286,16.0,,,fock(N=331)
