state,ordering,loss_placement,f_hz,kappa,qfi_epsilon_a,sigma_h,sigma_h_over_hsql,cutoff,converged
squeezed,BA1,injection,338.16678863999107,3.000000000000004,14.244180989625132,2.3380182118683166e-25,0.2163394039560658,441,True
squeezed,BA1,injection,416.9078227624073,1.6969011316018328,14.244180989625143,2.521570741299468e-25,0.28765238985414004,172,True
squeezed,BA1,injection,513.9834499405246,0.9202321850747648,14.244180190259945,2.7774205094996783e-25,0.3906137789989507,83,True
squeezed,BA1,injection,633.66282038636,0.4778153487846648,14.24417499620132,3.126448559966123e-25,0.5420836385252915,73,True
squeezed,BA1,injection,781.2091420189881,0.2380847911891477,14.24417499620131,3.592579753381483e-25,0.7679457137414047,73,True
squeezed,BA1,injection,963.1111435604433,0.114436783451581,14.244174996201416,4.203202684137651e-25,1.107677990540868,73,True
squeezed,BA1,injection,1187.368433058812,0.0534160532321008,14.244174996201298,4.990202449127926e-25,1.6212890500474384,73,True
squeezed,BA1,injection,1463.8433012129913,0.024378539285975723,14.244174996201341,5.991576822721852e-25,2.3998964735133557,73,True
squeezed,BA1,injection,1804.694440954548,0.010944011537436599,14.244174996201348,7.253499911690311e-25,3.5818556236161707,73,True
squeezed,BA1,injection,2224.9116572200364,0.0048558108418791275,14.244174996201314,8.83274942291022e-25,5.37731486866161,73,True
squeezed,BA1,injection,2742.9750821503653,0.0021371088917208647,14.244174996201306,1.0799518027572988e-24,8.10555994421025,73,True
squeezed,BA1,injection,3381.667886399911,0.000935393187668572,14.244174996201336,1.3240717117538062e-24,12.2517815927107,73,True
squeezed,BA1,concurrent,338.16678863999107,3.000000000000004,1.7602479410430552,6.650889140193097e-25,0.6154141080096451,340,False
squeezed,BA1,concurrent,416.9078227624073,1.6969011316018328,4.250822034834719,4.615868593298459e-25,0.5265629119057423,233,True
squeezed,BA1,concurrent,513.9834499405246,0.9202321850747648,8.02989995848283,3.699178602835067e-25,0.5202489606104896,113,True
squeezed,BA1,concurrent,633.66282038636,0.4778153487846648,11.00780301574122,3.55647379604075e-25,0.6166441630814855,73,True
squeezed,BA1,concurrent,781.2091420189881,0.2380847911891477,12.270431267439582,3.8707502877439442e-25,0.8274071270480239,73,True
squeezed,BA1,concurrent,963.1111435604433,0.114436783451581,12.638622127763762,4.462200888482097e-25,1.1759322794964358,73,True
squeezed,BA1,concurrent,1187.368433058812,0.0534160532321008,12.728367915915921,5.278985330830357e-25,1.7151130038285354,73,True
squeezed,BA1,concurrent,1463.8433012129913,0.024378539285975723,12.748334460889005,6.333343711831333e-25,2.5367895112237315,73,True
squeezed,BA1,concurrent,1804.694440954548,0.010944011537436599,12.752537241456569,7.665984911559399e-25,3.7855451161957756,73,True
squeezed,BA1,concurrent,2224.9116572200364,0.0048558108418791275,12.75338957433014,9.334729708360957e-25,5.6829168871823486,73,True
squeezed,BA1,concurrent,2742.9750821503653,0.0021371088917208647,12.753558046008557,1.141319775941493e-24,8.566156226404669,73,True
squeezed,BA1,concurrent,3381.667886399911,0.000935393187668572,12.753590765596115,1.3993099386814705e-24,12.947969205177376,73,True
squeezed,BA1,detection,338.16678863999107,3.000000000000004,1.57134137430355,7.039330539453202e-25,0.6513570191303582,700,True
squeezed,BA1,detection,416.9078227624073,1.6969011316018328,3.7981059712422023,4.883220771447911e-25,0.557061557737018,315,True
squeezed,BA1,detection,513.9834499405246,0.9202321850747648,7.1747279101624395,3.913430718805429e-25,0.5503811744367569,153,True
squeezed,BA1,detection,633.66282038636,0.4778153487846648,9.835471572251581,3.762463920970026e-25,0.6523600478242529,73,True
squeezed,BA1,detection,781.2091420189881,0.2380847911891477,10.963629613472069,4.0949432803705865e-25,0.875330363150559,73,True
squeezed,BA1,detection,963.1111435604433,0.114436783451581,11.292607933308926,4.720650608038141e-25,1.2440420252134505,73,True
squeezed,BA1,detection,1187.368433058812,0.0534160532321008,11.372797383162306,5.5847426387412065e-25,1.8144518543744637,73,True
squeezed,BA1,detection,1463.8433012129913,0.024378539285975723,11.39063737872786,6.700169186442888e-25,2.6837196414653413,73,True
squeezed,BA1,detection,1804.694440954548,0.010944011537436599,11.39439082577845,8.109997205503177e-25,4.0048031228656376,73,True
squeezed,BA1,detection,2224.9116572200364,0.0048558108418791275,11.395152179411387,9.875395452201448e-25,6.012070336932489,73,True
squeezed,BA1,detection,2742.9750821503653,0.0021371088917208647,11.39530266656604,1.2074247994186815e-24,9.062306359252954,73,True
squeezed,BA1,detection,3381.667886399911,0.000935393187668572,11.395331893275378,1.4803577036541254e-24,13.697913113960881,73,True
squeezed,BA2,injection,338.16678863999107,3.000000000000004,14.24418098962512,2.338018211868318e-25,0.21633940395606593,441,True
squeezed,BA2,injection,416.9078227624073,1.6969011316018328,14.2441809896251,2.521570741299472e-25,0.2876523898541405,172,True
squeezed,BA2,injection,513.9834499405246,0.9202321850747648,14.24418019025994,2.7774205094996783e-25,0.3906137789989507,83,True
squeezed,BA2,injection,633.66282038636,0.4778153487846648,14.244174996201279,3.1264485599661274e-25,0.5420836385252923,73,True
squeezed,BA2,injection,781.2091420189881,0.2380847911891477,14.24417499620133,3.592579753381479e-25,0.767945713741404,73,True
squeezed,BA2,injection,963.1111435604433,0.114436783451581,14.244174996201371,4.203202684137657e-25,1.1076779905408696,73,True
squeezed,BA2,injection,1187.368433058812,0.0534160532321008,14.24417499620127,4.990202449127932e-25,1.6212890500474402,73,True
squeezed,BA2,injection,1463.8433012129913,0.024378539285975723,14.244174996201329,5.9915768227218545e-25,2.399896473513357,73,True
squeezed,BA2,injection,1804.694440954548,0.010944011537436599,14.244174996201384,7.253499911690302e-25,3.5818556236161663,73,True
squeezed,BA2,injection,2224.9116572200364,0.0048558108418791275,14.244174996201334,8.832749422910213e-25,5.377314868661606,73,True
squeezed,BA2,injection,2742.9750821503653,0.0021371088917208647,14.24417499620132,1.0799518027572985e-24,8.105559944210247,73,True
squeezed,BA2,injection,3381.667886399911,0.000935393187668572,14.244174996201311,1.3240717117538075e-24,12.251781592710712,73,True
squeezed,BA2,concurrent,338.16678863999107,3.000000000000004,12.753604576825513,2.470871485637853e-25,0.22863246391386066,340,True
squeezed,BA2,concurrent,416.9078227624073,1.6969011316018328,12.753604576717137,2.6648540255566456e-25,0.30399766959096275,172,True
squeezed,BA2,concurrent,513.9834499405246,0.9202321850747648,12.75360378760162,2.9352419606867287e-25,0.4128096377983002,83,True
squeezed,BA2,concurrent,633.66282038636,0.4778153487846648,12.753598519208905,3.3041029228545343e-25,0.5728864876965846,73,True
squeezed,BA2,concurrent,781.2091420189881,0.2380847911891477,12.753598519208893,3.7967211153681674e-25,0.8115827363537627,73,True
squeezed,BA2,concurrent,963.1111435604433,0.114436783451581,12.753598519208916,4.442041507364433e-25,1.1706196394823738,73,True
squeezed,BA2,concurrent,1187.368433058812,0.0534160532321008,12.753598519208893,5.273761004396021e-25,1.713415649196492,73,True
squeezed,BA2,concurrent,1463.8433012129913,0.024378539285975723,12.753598519208914,6.332036530509005e-25,2.53626592620788,73,True
squeezed,BA2,concurrent,1804.694440954548,0.010944011537436599,12.75359851920892,7.665665946348008e-25,3.785387607772247,73,True
squeezed,BA2,concurrent,2224.9116572200364,0.0048558108418791275,12.753598519208897,9.334653241630687e-25,5.68287033478219,73,True
squeezed,BA2,concurrent,2742.9750821503653,0.0021371088917208647,12.753598519208918,1.141317964966318e-24,8.566142634161201,73,True
squeezed,BA2,concurrent,3381.667886399911,0.000935393187668572,12.753598519208888,1.3993095133227358e-24,12.947965269286087,73,True
squeezed,BA2,detection,338.16678863999107,3.000000000000004,1.5713413743035558,7.039330539453189e-25,0.651357019130357,700,True
squeezed,BA2,detection,416.9078227624073,1.6969011316018328,3.798105971242199,4.883220771447913e-25,0.5570615577370183,315,True
squeezed,BA2,detection,513.9834499405246,0.9202321850747648,7.174727910162435,3.913430718805431e-25,0.5503811744367572,153,True
squeezed,BA2,detection,633.66282038636,0.4778153487846648,9.835471572251535,3.762463920970034e-25,0.6523600478242544,73,True
squeezed,BA2,detection,781.2091420189881,0.2380847911891477,10.963629613472094,4.094943280370581e-25,0.8753303631505579,73,True
squeezed,BA2,detection,963.1111435604433,0.114436783451581,11.292607933308929,4.72065060803814e-25,1.2440420252134503,73,True
squeezed,BA2,detection,1187.368433058812,0.0534160532321008,11.372797383162279,5.584742638741214e-25,1.814451854374466,73,True
squeezed,BA2,detection,1463.8433012129913,0.024378539285975723,11.390637378727845,6.700169186442892e-25,2.683719641465343,73,True
squeezed,BA2,detection,1804.694440954548,0.010944011537436599,11.394390825778439,8.10999720550318e-25,4.004803122865639,73,True
squeezed,BA2,detection,2224.9116572200364,0.0048558108418791275,11.395152179411411,9.875395452201435e-25,6.012070336932481,73,True
squeezed,BA2,detection,2742.9750821503653,0.0021371088917208647,11.395302666566012,1.207424799418683e-24,9.062306359252965,73,True
squeezed,BA2,detection,3381.667886399911,0.000935393187668572,11.395331893275378,1.4803577036541254e-24,13.697913113960881,73,True
squeezed,BA3,injection,338.16678863999107,3.000000000000004,14.244180989564107,2.338018211873325e-25,0.21633940395652923,441,True
squeezed,BA3,injection,416.9078227624073,1.6969011316018328,14.244180989617,2.5215707413001886e-25,0.28765238985422226,172,True
squeezed,BA3,injection,513.9834499405246,0.9202321850747648,14.244180190257325,2.777420509499933e-25,0.3906137789989866,83,True
squeezed,BA3,injection,633.66282038636,0.4778153487846648,14.244174996210905,3.1264485599650704e-25,0.5420836385251091,73,True
squeezed,BA3,injection,781.2091420189881,0.2380847911891477,14.244174996199103,3.5925797533817606e-25,0.767945713741464,73,True
squeezed,BA3,injection,963.1111435604433,0.114436783451581,14.244174996190484,4.203202684139264e-25,1.107677990541293,73,True
squeezed,BA3,injection,1187.368433058812,0.0534160532321008,14.244174996195497,4.990202449128942e-25,1.6212890500477684,73,True
squeezed,BA3,injection,1463.8433012129913,0.024378539285975723,14.244174996195932,5.99157682272299e-25,2.3998964735138113,73,True
squeezed,BA3,injection,1804.694440954548,0.010944011537436599,14.244174996201881,7.253499911690175e-25,3.5818556236161037,73,True
squeezed,BA3,injection,2224.9116572200364,0.0048558108418791275,14.24417499620089,8.832749422910353e-25,5.377314868661691,73,True
squeezed,BA3,injection,2742.9750821503653,0.0021371088917208647,14.24417499620135,1.0799518027572972e-24,8.105559944210238,73,True
squeezed,BA3,injection,3381.667886399911,0.000935393187668572,14.244174996201398,1.3240717117538034e-24,12.251781592710675,73,True
squeezed,BA3,concurrent,338.16678863999107,3.000000000000004,3.9674066154453462,4.430097401020862e-25,0.4099217988718342,340,False
squeezed,BA3,concurrent,416.9078227624073,1.6969011316018328,7.465243166864369,3.4831158447520687e-25,0.3973422519827545,233,True
squeezed,BA3,concurrent,513.9834499405246,0.9202321850747648,10.554705067988419,3.226541953892807e-25,0.45377779180285616,113,True
squeezed,BA3,concurrent,633.66282038636,0.4778153487846648,12.07535746336221,3.395626700465154e-25,0.5887554653647415,73,True
squeezed,BA3,concurrent,781.2091420189881,0.2380847911891477,12.578192109900073,3.823102628689934e-25,0.8172220182815733,73,True
squeezed,BA3,concurrent,963.1111435604433,0.114436783451581,12.712641187655397,4.449191393125036e-25,1.1725038624635282,73,True
squeezed,BA3,concurrent,1187.368433058812,0.0534160532321008,12.74465236301966,5.27561164777515e-25,1.7140169129481557,73,True
squeezed,BA3,concurrent,1463.8433012129913,0.024378539285975723,12.751734074149343,6.33249942060132e-25,2.536451334545792,73,True
squeezed,BA3,concurrent,1804.694440954548,0.010944011537436599,12.753222735468626,7.665778882954747e-25,3.785443377073258,73,True
squeezed,BA3,concurrent,2224.9116572200364,0.0048558108418791275,12.753524538495784,9.334680315844561e-25,5.682886817370549,73,True
squeezed,BA3,concurrent,2742.9750821503653,0.0021371088917208647,12.753584189043686,1.1413186061692218e-24,8.566147446698723,73,True
squeezed,BA3,concurrent,3381.667886399911,0.000935393187668572,12.753595773971828,1.3993096639248167e-24,12.947966662823752,73,True
squeezed,BA3,detection,338.16678863999107,3.000000000000004,1.5713413743026465,7.039330539455225e-25,0.6513570191305453,700,True
squeezed,BA3,detection,416.9078227624073,1.6969011316018328,3.7981059712424363,4.883220771447761e-25,0.557061557737001,315,True
squeezed,BA3,detection,513.9834499405246,0.9202321850747648,7.174727910160066,3.913430718806077e-25,0.5503811744368481,153,True
squeezed,BA3,detection,633.66282038636,0.4778153487846648,9.83547157225304,3.7624639209697467e-25,0.6523600478242045,73,True
squeezed,BA3,detection,781.2091420189881,0.2380847911891477,10.96362961347194,4.09494328037061e-25,0.875330363150564,73,True
squeezed,BA3,detection,963.1111435604433,0.114436783451581,11.292607933301754,4.72065060803964e-25,1.2440420252138455,73,True
squeezed,BA3,detection,1187.368433058812,0.0534160532321008,11.372797383161764,5.584742638741341e-25,1.8144518543745072,73,True
squeezed,BA3,detection,1463.8433012129913,0.024378539285975723,11.390637378722783,6.700169186444382e-25,2.6837196414659394,73,True
squeezed,BA3,detection,1804.694440954548,0.010944011537436599,11.394390825779134,8.109997205502931e-25,4.004803122865516,73,True
squeezed,BA3,detection,2224.9116572200364,0.0048558108418791275,11.395152179410978,9.875395452201624e-25,6.012070336932596,73,True
squeezed,BA3,detection,2742.9750821503653,0.0021371088917208647,11.395302666566208,1.2074247994186727e-24,9.062306359252888,73,True
squeezed,BA3,detection,3381.667886399911,0.000935393187668572,11.39533189327545,1.4803577036541209e-24,13.697913113960839,73,True
cat_even,BA1,injection,338.16678863999107,3.000000000000004,9.3181444807371,2.890692604561503e-25,0.26747897510657437,441,True
cat_even,BA1,injection,416.9078227624073,1.6969011316018328,9.318144480737104,3.1176343523553277e-25,0.3556493408882985,172,True
cat_even,BA1,injection,513.9834499405246,0.9202321850747648,9.318144480737093,3.4339632858860934e-25,0.4829493306669832,83,True
cat_even,BA1,injection,633.66282038636,0.4778153487846648,9.318144480737171,3.865495907437685e-25,0.6702243923153334,73,True
cat_even,BA1,injection,781.2091420189881,0.2380847911891477,9.318144480737166,4.441813792065103e-25,0.9494770045517322,73,True
cat_even,BA1,injection,963.1111435604433,0.114436783451581,9.318144480737178,5.196779176767035e-25,1.3695170917000252,73,True
cat_even,BA1,injection,1187.368433058812,0.0534160532321008,9.318144480737164,6.169814335470313e-25,2.004538397970575,73,True
cat_even,BA1,injection,1463.8433012129913,0.024378539285975723,9.318144480737171,7.407899168371662e-25,2.96719738665412,73,True
cat_even,BA1,injection,1804.694440954548,0.010944011537436599,9.318144480737166,8.968122675123227e-25,4.4285546326951275,73,True
cat_even,BA1,injection,2224.9116572200364,0.0048558108418791275,9.318144480737173,1.092068399361478e-24,6.648434547741444,73,True
cat_even,BA1,injection,2742.9750821503653,0.0021371088917208647,9.318144480737171,1.335236833013341e-24,10.021597410249743,73,True
cat_even,BA1,injection,3381.667886399911,0.000935393187668572,9.318144480737176,1.6370631676069564e-24,15.147926056380324,73,True
cat_even,BA1,concurrent,338.16678863999107,3.000000000000004,1.5217257311947119,7.153168234122062e-25,0.6618905465799643,340,True
cat_even,BA1,concurrent,416.9078227624073,1.6969011316018328,2.9961784709367,5.498016750719794e-25,0.6271954349326015,172,True
cat_even,BA1,concurrent,513.9834499405246,0.9202321850747648,5.195599779156817,4.598778822833382e-25,0.6467678799890786,83,True
cat_even,BA1,concurrent,633.66282038636,0.4778153487846648,7.136816630099396,4.4169010357226855e-25,0.765830538557342,73,True
cat_even,BA1,concurrent,781.2091420189881,0.2380847911891477,8.005758743193224,4.792077346112852e-25,1.0243489387816185,73,True
cat_even,BA1,concurrent,963.1111435604433,0.114436783451581,8.262593512272083,5.518750867842277e-25,1.4543669032799393,73,True
cat_even,BA1,concurrent,1187.368433058812,0.0534160532321008,8.325386928216632,6.527315453641388e-25,2.120688524980306,73,True
cat_even,BA1,concurrent,1463.8433012129913,0.024378539285975723,8.339365609281947,7.830568179186141e-25,3.136495369226968,73,True
cat_even,BA1,concurrent,1804.694440954548,0.010944011537436599,8.342308115764018,9.478140611580296e-25,4.680406929666916,73,True
cat_even,BA1,concurrent,2224.9116572200364,0.0048558108418791275,8.34290483384418,1.1541331503069289e-24,7.0262803261047475,73,True
cat_even,BA1,concurrent,2742.9750821503653,0.0021371088917208647,8.343022780449159,1.4111114289048028e-24,10.591072903203,73,True
cat_even,BA1,concurrent,3381.667886399911,0.000935393187668572,8.343045663387974,1.7300866187482488e-24,16.008682310189048,73,True
cat_even,BA1,detection,338.16678863999107,3.000000000000004,1.3596618337670254,7.567478189552305e-25,0.7002271037358719,441,True
cat_even,BA1,detection,416.9078227624073,1.6969011316018328,2.6770852528634004,5.8164606907233e-25,0.663522458750054,172,True
cat_even,BA1,detection,513.9834499405246,0.9202321850747648,4.642268037146327,4.865139096604254e-25,0.6842285355711092,83,True
cat_even,BA1,detection,633.66282038636,0.4778153487846648,6.376745156949271,4.672726987419957e-25,0.8101872775425997,73,True
cat_even,BA1,detection,781.2091420189881,0.2380847911891477,7.153144873957785,5.069633428449159e-25,1.0836790075302383,73,True
cat_even,BA1,detection,963.1111435604433,0.114436783451581,7.3826267221456074,5.838395723190584e-25,1.5386035194191348,73,True
cat_even,BA1,detection,1187.368433058812,0.0534160532321008,7.438732634841241,6.9053761514414695e-25,2.2435183451820255,73,True
cat_even,BA1,detection,1463.8433012129913,0.024378539285975723,7.451222585365322,8.284112992687104e-25,3.3181605019134865,73,True
cat_even,BA1,detection,1804.694440954548,0.010944011537436599,7.453851714762296,1.0027112463599119e-24,4.951495085633045,73,True
cat_even,BA1,detection,2224.9116572200364,0.0048558108418791275,7.454384882283889,1.2209802924835373e-24,7.433240961285292,73,True
cat_even,BA1,detection,2742.9750821503653,0.0021371088917208647,7.454490267579276,1.4928426973364809e-24,11.20450555260262,73,True
cat_even,BA1,detection,3381.667886399911,0.000935393187668572,7.4545107135331286,1.8302928611058177e-24,16.93590172337703,73,True
cat_even,BA2,injection,338.16678863999107,3.000000000000004,9.318144480737102,2.8906926045615025e-25,0.2674789751065743,441,True
cat_even,BA2,injection,416.9078227624073,1.6969011316018328,9.31814448073711,3.1176343523553263e-25,0.35564934088829836,172,True
cat_even,BA2,injection,513.9834499405246,0.9202321850747648,9.318144480737109,3.4339632858860906e-25,0.4829493306669828,83,True
cat_even,BA2,injection,633.66282038636,0.4778153487846648,9.31814448073716,3.865495907437687e-25,0.6702243923153338,73,True
cat_even,BA2,injection,781.2091420189881,0.2380847911891477,9.318144480737155,4.441813792065106e-25,0.9494770045517328,73,True
cat_even,BA2,injection,963.1111435604433,0.114436783451581,9.31814448073715,5.196779176767043e-25,1.3695170917000272,73,True
cat_even,BA2,injection,1187.368433058812,0.0534160532321008,9.318144480737159,6.169814335470315e-25,2.0045383979705753,73,True
cat_even,BA2,injection,1463.8433012129913,0.024378539285975723,9.318144480737162,7.407899168371665e-25,2.967197386654121,73,True
cat_even,BA2,injection,1804.694440954548,0.010944011537436599,9.318144480737155,8.96812267512323e-25,4.428554632695129,73,True
cat_even,BA2,injection,2224.9116572200364,0.0048558108418791275,9.318144480737157,1.092068399361479e-24,6.64843454774145,73,True
cat_even,BA2,injection,2742.9750821503653,0.0021371088917208647,9.31814448073715,1.3352368330133425e-24,10.021597410249754,73,True
cat_even,BA2,injection,3381.667886399911,0.000935393187668572,9.318144480737162,1.6370631676069579e-24,15.147926056380339,73,True
cat_even,BA2,concurrent,338.16678863999107,3.000000000000004,8.343051116226563,3.0549505105873193e-25,0.28267794032605403,340,True
cat_even,BA2,concurrent,416.9078227624073,1.6969011316018328,8.343051116225283,3.294787775609217e-25,0.3758584132475226,172,True
cat_even,BA2,concurrent,513.9834499405246,0.9202321850747648,8.343051116213676,3.629091476904123e-25,0.5103919738757035,83,True
cat_even,BA2,concurrent,633.66282038636,0.4778153487846648,8.34305111621687,4.0851450885758146e-25,0.7083085715451201,73,True
cat_even,BA2,concurrent,781.2091420189881,0.2380847911891477,8.34305111621688,4.694211100342648e-25,1.003429162710273,73,True
cat_even,BA2,concurrent,963.1111435604433,0.114436783451581,8.34305111621686,5.492075904034618e-25,1.4473371993782633,73,True
cat_even,BA2,concurrent,1187.368433058812,0.0534160532321008,8.343051116216865,6.520401866543051e-25,2.1184423389440976,73,True
cat_even,BA2,concurrent,1463.8433012129913,0.024378539285975723,8.343051116216856,7.828838428236323e-25,3.1358025260360436,73,True
cat_even,BA2,concurrent,1804.694440954548,0.010944011537436599,8.343051116216868,9.477718558576859e-25,4.68019851539212,73,True
cat_even,BA2,concurrent,2224.9116572200364,0.0048558108418791275,8.343051116216863,1.1541230323013389e-24,7.026218728408158,73,True
cat_even,BA2,concurrent,2742.9750821503653,0.0021371088917208647,8.34305111621688,1.4111090326016355e-24,10.59105491779021,73,True
cat_even,BA2,concurrent,3381.667886399911,0.000935393187668572,8.343051116216866,1.7300860533754788e-24,16.008677078732447,73,True
cat_even,BA2,detection,338.16678863999107,3.000000000000004,1.359661833767028,7.567478189552297e-25,0.7002271037358713,441,True
cat_even,BA2,detection,416.9078227624073,1.6969011316018328,2.6770852528634115,5.816460690723288e-25,0.6635224587500527,172,True
cat_even,BA2,detection,513.9834499405246,0.9202321850747648,4.642268037146345,4.865139096604244e-25,0.6842285355711077,83,True
cat_even,BA2,detection,633.66282038636,0.4778153487846648,6.376745156949271,4.672726987419957e-25,0.8101872775425997,73,True
cat_even,BA2,detection,781.2091420189881,0.2380847911891477,7.153144873957794,5.069633428449156e-25,1.0836790075302378,73,True
cat_even,BA2,detection,963.1111435604433,0.114436783451581,7.382626722145592,5.838395723190591e-25,1.5386035194191365,73,True
cat_even,BA2,detection,1187.368433058812,0.0534160532321008,7.438732634841246,6.905376151441468e-25,2.243518345182025,73,True
cat_even,BA2,detection,1463.8433012129913,0.024378539285975723,7.451222585365327,8.2841129926871e-25,3.318160501913485,73,True
cat_even,BA2,detection,1804.694440954548,0.010944011537436599,7.453851714762312,1.002711246359911e-24,4.951495085633041,73,True
cat_even,BA2,detection,2224.9116572200364,0.0048558108418791275,7.454384882283877,1.2209802924835382e-24,7.433240961285297,73,True
cat_even,BA2,detection,2742.9750821503653,0.0021371088917208647,7.454490267579285,1.49284269733648e-24,11.204505552602614,73,True
cat_even,BA2,detection,3381.667886399911,0.000935393187668572,7.454510713533122,1.8302928611058185e-24,16.935901723377036,73,True
cat_even,BA3,injection,338.16678863999107,3.000000000000004,9.318144480691533,2.890692604568571e-25,0.2674789751072284,441,True
cat_even,BA3,injection,416.9078227624073,1.6969011316018328,9.318144480715848,3.117634352358883e-25,0.35564934088870415,172,True
cat_even,BA3,injection,513.9834499405246,0.9202321850747648,9.318144480752212,3.433963285883308e-25,0.48294933066659146,83,True
cat_even,BA3,injection,633.66282038636,0.4778153487846648,9.318144480743705,3.865495907436329e-25,0.6702243923150982,73,True
cat_even,BA3,injection,781.2091420189881,0.2380847911891477,9.318144480728437,4.441813792067184e-25,0.949477004552177,73,True
cat_even,BA3,injection,963.1111435604433,0.114436783451581,9.318144480727547,5.1967791767697205e-25,1.3695170917007329,73,True
cat_even,BA3,injection,1187.368433058812,0.0534160532321008,9.318144480730869,6.169814335472397e-25,2.004538397971252,73,True
cat_even,BA3,injection,1463.8433012129913,0.024378539285975723,9.318144480736828,7.407899168371798e-25,2.9671973866541745,73,True
cat_even,BA3,injection,1804.694440954548,0.010944011537436599,9.318144480737722,8.968122675122958e-25,4.428554632694995,73,True
cat_even,BA3,injection,2224.9116572200364,0.0048558108418791275,9.318144480737043,1.0920683993614858e-24,6.648434547741491,73,True
cat_even,BA3,injection,2742.9750821503653,0.0021371088917208647,9.318144480737317,1.3352368330133306e-24,10.021597410249665,73,True
cat_even,BA3,injection,3381.667886399911,0.000935393187668572,9.318144480737342,1.637063167606942e-24,15.147926056380191,73,True
cat_even,BA3,concurrent,338.16678863999107,3.000000000000004,2.745486658479414,5.325457983706126e-25,0.4927705011619238,340,True
cat_even,BA3,concurrent,416.9078227624073,1.6969011316018328,4.67800203589076,4.400071107362084e-25,0.5019454536138034,172,True
cat_even,BA3,concurrent,513.9834499405246,0.9202321850747648,6.702263733410199,4.049017100709814e-25,0.5694499142387854,83,True
cat_even,BA3,concurrent,633.66282038636,0.4778153487846648,7.821537449789973,4.219139386567955e-25,0.731541359548518,73,True
cat_even,BA3,concurrent,781.2091420189881,0.2380847911891477,8.206980636003774,4.732965774113868e-25,1.0117133171767232,73,True
cat_even,BA3,concurrent,963.1111435604433,0.114436783451581,8.311206399500742,5.50258739810575e-25,1.4501073133854308,73,True
cat_even,BA3,concurrent,1187.368433058812,0.0534160532321008,8.336091711689477,6.523123084638187e-25,2.11932644758406,73,True
cat_even,BA3,concurrent,1463.8433012129913,0.024378539285975723,8.341600555750208,7.829519095561185e-25,3.136075163967744,73,True
cat_even,BA3,concurrent,1804.694440954548,0.010944011537436599,8.342758744792242,9.47788463012974e-25,4.680280523296284,73,True
cat_even,BA3,concurrent,2224.9116572200364,0.0048558108418791275,8.342993556602554,1.1541270135319113e-24,7.026242965856009,73,True
cat_even,BA3,concurrent,2742.9750821503653,0.0021371088917208647,8.34303996680989,1.4111099754847884e-24,10.591061994583727,73,True
cat_even,BA3,concurrent,3381.667886399911,0.000935393187668572,8.343048877641852,1.7300862854805044e-24,16.008679226425848,73,True
cat_even,BA3,detection,338.16678863999107,3.000000000000004,1.3596618337568402,7.567478189580648e-25,0.7002271037384946,441,True
cat_even,BA3,detection,416.9078227624073,1.6969011316018328,2.6770852528498845,5.816460690737984e-25,0.6635224587517291,172,True
cat_even,BA3,detection,513.9834499405246,0.9202321850747648,4.642268037152748,4.865139096600889e-25,0.684228535570636,83,True
cat_even,BA3,detection,633.66282038636,0.4778153487846648,6.37674515694931,4.672726987419942e-25,0.8101872775425971,73,True
cat_even,BA3,detection,781.2091420189881,0.2380847911891477,7.153144873956586,5.069633428449583e-25,1.083679007530329,73,True
cat_even,BA3,detection,963.1111435604433,0.114436783451581,7.382626722140637,5.838395723192551e-25,1.5386035194196532,73,True
cat_even,BA3,detection,1187.368433058812,0.0534160532321008,7.438732634835198,6.905376151444276e-25,2.2435183451829377,73,True
cat_even,BA3,detection,1463.8433012129913,0.024378539285975723,7.45122258536388,8.284112992687905e-25,3.3181605019138076,73,True
cat_even,BA3,detection,1804.694440954548,0.010944011537436599,7.453851714763001,1.0027112463598645e-24,4.951495085632811,73,True
cat_even,BA3,detection,2224.9116572200364,0.0048558108418791275,7.454384882283964,1.220980292483531e-24,7.433240961285254,73,True
cat_even,BA3,detection,2742.9750821503653,0.0021371088917208647,7.45449026757949,1.4928426973364596e-24,11.20450555260246,73,True
cat_even,BA3,detection,3381.667886399911,0.000935393187668572,7.4545107135332485,1.8302928611058027e-24,16.93590172337689,73,True
fock,BA1,injection,338.16678863999107,3.000000000000004,9.404444438314647,2.8773988050182027e-25,0.2662488851718981,441,True
fock,BA1,injection,416.9078227624073,1.6969011316018328,9.404444438314647,3.1032968866337505e-25,0.35401377056234445,172,True
fock,BA1,injection,513.9834499405246,0.9202321850747648,9.404444438314632,3.4181710776486687e-25,0.48072832951960204,83,True
fock,BA1,injection,633.66282038636,0.4778153487846648,9.404444438314673,3.8477191546802976e-25,0.667142145276542,73,True
fock,BA1,injection,781.2091420189881,0.2380847911891477,9.404444438314691,4.421386652193093e-25,0.9451105226402474,73,True
fock,BA1,injection,963.1111435604433,0.114436783451581,9.404444438314673,5.17288008056508e-25,1.3632189174633584,73,True
fock,BA1,injection,1187.368433058812,0.0534160532321008,9.404444438314673,6.14144041744608e-25,1.995319869650612,73,True
fock,BA1,injection,1463.8433012129913,0.024378539285975723,9.40444443831467,7.373831510528743e-25,2.953551754738323,73,True
fock,BA1,injection,1804.694440954548,0.010944011537436599,9.404444438314663,8.926879816946395e-25,4.40818846942316,73,True
fock,BA1,injection,2224.9116572200364,0.0048558108418791275,9.40444443831467,1.08704616407926e-24,6.617859537442907,73,True
fock,BA1,injection,2742.9750821503653,0.0021371088917208647,9.404444438314695,1.329096307807411e-24,9.9755098024338,73,True
fock,BA1,injection,3381.667886399911,0.000935393187668572,9.404444438314677,1.6295345948505405e-24,15.07826334227078,73,True
fock,BA1,concurrent,338.16678863999107,3.000000000000004,2.607950680441282,5.4640786800252605e-25,0.5055972270896453,340,True
fock,BA1,concurrent,416.9078227624073,1.6969011316018328,4.884805105612459,4.30592318249885e-25,0.4912053719880303,172,True
fock,BA1,concurrent,513.9834499405246,0.9202321850747648,6.885248871947802,3.9948506377524156e-25,0.561831994403302,83,True
fock,BA1,concurrent,633.66282038636,0.4778153487846648,7.925687805091094,4.191326151557181e-25,0.7267189230540047,73,True
fock,BA1,concurrent,781.2091420189881,0.2380847911891477,8.290081737622565,4.70918402407412e-25,1.006629757656269,73,True
fock,BA1,concurrent,963.1111435604433,0.114436783451581,8.389754574614447,5.476768132035661e-25,1.443303113134587,73,True
fock,BA1,concurrent,1187.368433058812,0.0534160532321008,8.413635570438068,6.492993480270163e-25,2.109537506525631,73,True
fock,BA1,concurrent,1463.8433012129913,0.024378539285975723,8.418926756532732,7.793479848131905e-25,3.1216398215908248,73,True
fock,BA1,concurrent,1804.694440954548,0.010944011537436599,8.420039372865554,9.434289508017516e-25,4.65875278700332,73,True
fock,BA1,concurrent,2224.9116572200364,0.0048558108418791275,8.4202649533501,1.1488191906220701e-24,6.993929318443709,73,True
fock,BA1,concurrent,2742.9750821503653,0.0021371088917208647,8.42030953938193,1.4046204775420143e-24,10.542355177808492,73,True
fock,BA1,concurrent,3381.667886399911,0.000935393187668572,8.420318198546495,1.7221298941567526e-24,15.935057859924765,73,True
fock,BA1,detection,338.16678863999107,3.000000000000004,2.3302037495539487,5.78055693411188e-25,0.5348813090127897,441,True
fock,BA1,detection,416.9078227624073,1.6969011316018328,4.364573018180932,4.555321320995527e-25,0.5196558807874672,172,True
fock,BA1,detection,513.9834499405246,0.9202321850747648,6.151969382398534,4.226231521892729e-25,0.5943731818947299,83,True
fock,BA1,detection,633.66282038636,0.4778153487846648,7.0816014961100215,4.434086854865026e-25,0.7688103257481533,73,True
fock,BA1,detection,781.2091420189881,0.2380847911891477,7.407187449182986,4.98193894324622e-25,1.0649335352920875,73,True
fock,BA1,detection,963.1111435604433,0.114436783451581,7.496245122179266,5.7939813565037035e-25,1.5268989169671685,73,True
fock,BA1,detection,1187.368433058812,0.0534160532321008,7.517582790417249,6.869066256823228e-25,2.23172146215913,73,True
fock,BA1,detection,1463.8433012129913,0.024378539285975723,7.522310464662563,8.244876513624632e-25,3.302444524213257,73,True
fock,BA1,detection,1804.694440954548,0.010944011537436599,7.523304587549017,9.980721513590754e-25,4.928586739704129,73,True
fock,BA1,detection,2224.9116572200364,0.0048558108418791275,7.523506143658752,1.2153585494012998e-24,7.399016190246841,73,True
fock,BA1,detection,2742.9750821503653,0.0021371088917208647,7.523545981238961,1.4859757914772797e-24,11.152966107109874,73,True
fock,BA1,detection,3381.667886399911,0.000935393187668572,7.5235537181976655,1.821875284756724e-24,16.858012960968182,73,True
fock,BA2,injection,338.16678863999107,3.000000000000004,9.404444438314668,2.8773988050182e-25,0.2662488851718979,441,True
fock,BA2,injection,416.9078227624073,1.6969011316018328,9.404444438314663,3.1032968866337482e-25,0.3540137705623442,172,True
fock,BA2,injection,513.9834499405246,0.9202321850747648,9.404444438314659,3.4181710776486636e-25,0.4807283295196013,83,True
fock,BA2,injection,633.66282038636,0.4778153487846648,9.404444438314668,3.8477191546802986e-25,0.6671421452765423,73,True
fock,BA2,injection,781.2091420189881,0.2380847911891477,9.404444438314659,4.4213866521931e-25,0.945110522640249,73,True
fock,BA2,injection,963.1111435604433,0.114436783451581,9.404444438314663,5.172880080565083e-25,1.363218917463359,73,True
fock,BA2,injection,1187.368433058812,0.0534160532321008,9.404444438314677,6.141440417446079e-25,1.9953198696506118,73,True
fock,BA2,injection,1463.8433012129913,0.024378539285975723,9.404444438314673,7.373831510528741e-25,2.9535517547383225,73,True
fock,BA2,injection,1804.694440954548,0.010944011537436599,9.404444438314666,8.926879816946393e-25,4.408188469423159,73,True
fock,BA2,injection,2224.9116572200364,0.0048558108418791275,9.404444438314668,1.08704616407926e-24,6.617859537442907,73,True
fock,BA2,injection,2742.9750821503653,0.0021371088917208647,9.40444443831466,1.3290963078074134e-24,9.975509802433818,73,True
fock,BA2,injection,3381.667886399911,0.000935393187668572,9.40444443831466,1.629534594850542e-24,15.078263342270795,73,True
fock,BA2,concurrent,338.16678863999107,3.000000000000004,8.42032025054192,3.0409013171028904e-25,0.2813779529568128,340,True
fock,BA2,concurrent,416.9078227624073,1.6969011316018328,8.420320250541625,3.279635611674044e-25,0.3741299048634318,172,True
fock,BA2,concurrent,513.9834499405246,0.9202321850747648,8.420320250541844,3.6124019075760782e-25,0.5080447687179699,83,True
fock,BA2,concurrent,633.66282038636,0.4778153487846648,8.42032025054197,4.0663582068997556e-25,0.7050511818967157,73,True
fock,BA2,concurrent,781.2091420189881,0.2380847911891477,8.420320250541968,4.6726232285309e-25,0.9988145640751203,73,True
fock,BA2,concurrent,963.1111435604433,0.114436783451581,8.420320250541987,5.466818788821351e-25,1.4406811438109524,73,True
fock,BA2,concurrent,1187.368433058812,0.0534160532321008,8.420320250541971,6.490415656582068e-25,2.1086999859318145,73,True
fock,BA2,concurrent,1463.8433012129913,0.024378539285975723,8.420320250541987,7.792834942919821e-25,3.121381507996587,73,True
fock,BA2,concurrent,1804.694440954548,0.010944011537436599,8.420320250541968,9.434132156317385e-25,4.658675085055452,73,True
fock,BA2,concurrent,2224.9116572200364,0.0048558108418791275,8.420320250541968,1.1488154184033414e-24,6.993906353445059,73,True
fock,BA2,concurrent,2742.9750821503653,0.0021371088917208647,8.420320250541959,1.4046195841603466e-24,10.542348472547532,73,True
fock,BA2,concurrent,3381.667886399911,0.000935393187668572,8.420320250541957,1.7221296843189533e-24,15.935055918272463,73,True
fock,BA2,detection,338.16678863999107,3.000000000000004,2.3302037495539625,5.780556934111862e-25,0.5348813090127882,441,True
fock,BA2,detection,416.9078227624073,1.6969011316018328,4.3645730181809395,4.555321320995523e-25,0.5196558807874667,172,True
fock,BA2,detection,513.9834499405246,0.9202321850747648,6.151969382398549,4.2262315218927245e-25,0.5943731818947292,83,True
fock,BA2,detection,633.66282038636,0.4778153487846648,7.081601496110005,4.434086854865031e-25,0.7688103257481541,73,True
fock,BA2,detection,781.2091420189881,0.2380847911891477,7.407187449182983,4.981938943246222e-25,1.064933535292088,73,True
fock,BA2,detection,963.1111435604433,0.114436783451581,7.496245122179253,5.793981356503709e-25,1.5268989169671698,73,True
fock,BA2,detection,1187.368433058812,0.0534160532321008,7.517582790417244,6.869066256823231e-25,2.231721462159131,73,True
fock,BA2,detection,1463.8433012129913,0.024378539285975723,7.522310464662567,8.24487651362463e-25,3.3024445242132567,73,True
fock,BA2,detection,1804.694440954548,0.010944011537436599,7.5233045875490125,9.980721513590755e-25,4.92858673970413,73,True
fock,BA2,detection,2224.9116572200364,0.0048558108418791275,7.52350614365874,1.2153585494013006e-24,7.399016190246845,73,True
fock,BA2,detection,2742.9750821503653,0.0021371088917208647,7.523545981238942,1.4859757914772813e-24,11.152966107109886,73,True
fock,BA2,detection,3381.667886399911,0.000935393187668572,7.5235537181976575,1.821875284756725e-24,16.858012960968193,73,True
fock,BA3,injection,338.16678863999107,3.000000000000004,9.404444438275645,2.877398805024169e-25,0.2662488851724502,441,True
fock,BA3,injection,416.9078227624073,1.6969011316018328,9.404444438262612,3.103296886642336e-25,0.35401377056332384,172,True
fock,BA3,injection,513.9834499405246,0.9202321850747648,9.404444438360473,3.4181710776403387e-25,0.48072832951843053,83,True
fock,BA3,injection,633.66282038636,0.4778153487846648,9.404444438301649,3.8477191546829622e-25,0.6671421452770041,73,True
fock,BA3,injection,781.2091420189881,0.2380847911891477,9.404444438299775,4.4213866521966e-25,0.9451105226409972,73,True
fock,BA3,injection,963.1111435604433,0.114436783451581,9.404444438294606,5.1728800805705985e-25,1.3632189174648128,73,True
fock,BA3,injection,1187.368433058812,0.0534160532321008,9.404444438319356,6.141440417444551e-25,1.9953198696501153,73,True
fock,BA3,injection,1463.8433012129913,0.024378539285975723,9.404444438317183,7.373831510527758e-25,2.953551754737928,73,True
fock,BA3,injection,1804.694440954548,0.010944011537436599,9.404444438314567,8.92687981694644e-25,4.408188469423182,73,True
fock,BA3,injection,2224.9116572200364,0.0048558108418791275,9.404444438314158,1.0870461640792894e-24,6.617859537443086,73,True
fock,BA3,injection,2742.9750821503653,0.0021371088917208647,9.404444438314712,1.3290963078074099e-24,9.975509802433791,73,True
fock,BA3,injection,3381.667886399911,0.000935393187668572,9.404444438314872,1.6295345948505238e-24,15.078263342270626,73,True
fock,BA3,concurrent,338.16678863999107,3.000000000000004,3.7887236634856594,4.533359559859013e-25,0.41947676032630915,340,True
fock,BA3,concurrent,416.9078227624073,1.6969011316018328,6.011598869924459,3.88145808907068e-25,0.4427838081847671,172,True
fock,BA3,concurrent,513.9834499405246,0.9202321850747648,7.520188837171954,3.8224868015760376e-25,0.5375909084095432,83,True
fock,BA3,concurrent,633.66282038636,0.4778153487846648,8.155661555820025,4.131809979636962e-25,0.716399628683155,73,True
fock,BA3,concurrent,781.2091420189881,0.2380847911891477,8.352909638405965,4.691440110995251e-25,1.0028368392162283,73,True
fock,BA3,concurrent,963.1111435604433,0.114436783451581,8.404643192378474,5.471915002066572e-25,1.4420241585716103,73,True
fock,BA3,concurrent,1187.368433058812,0.0534160532321008,8.41689918521231,6.491734543723219e-25,2.109128485036208,73,True
fock,BA3,concurrent,1463.8433012129913,0.024378539285975723,8.419607437771164,7.7931648107162e-25,3.1215136349115338,73,True
fock,BA3,concurrent,1804.694440954548,0.010944011537436599,8.420176590080652,9.434212635983242e-25,4.658714826772864,73,True
fock,BA3,concurrent,2224.9116572200364,0.0048558108418791275,8.420291970383687,1.1488173475914683e-24,6.993918098204819,73,True
fock,BA3,concurrent,2742.9750821503653,0.0021371088917208647,8.420314774638742,1.404620040886719e-24,10.542351900499577,73,True
fock,BA3,concurrent,3381.667886399911,0.000935393187668572,8.420319101003239,1.7221298018711898e-24,15.935057005996272,73,True
fock,BA3,detection,338.16678863999107,3.000000000000004,2.330203749537249,5.780556934132593e-25,0.5348813090147064,441,True
fock,BA3,detection,416.9078227624073,1.6969011316018328,4.364573018158997,4.5553213210069735e-25,0.5196558807887729,172,True
fock,BA3,detection,513.9834499405246,0.9202321850747648,6.15196938241658,4.22623152188653e-25,0.5943731818938581,83,True
fock,BA3,detection,633.66282038636,0.4778153487846648,7.081601496105793,4.43408685486635e-25,0.7688103257483828,73,True
fock,BA3,detection,781.2091420189881,0.2380847911891477,7.407187449174262,4.981938943249155e-25,1.0649335352927147,73,True
fock,BA3,detection,963.1111435604433,0.114436783451581,7.496245122163658,5.793981356509736e-25,1.5268989169687583,73,True
fock,BA3,detection,1187.368433058812,0.0534160532321008,7.517582790420225,6.86906625682187e-25,2.2317214621586885,73,True
fock,BA3,detection,1463.8433012129913,0.024378539285975723,7.522310464665082,8.244876513623251e-25,3.3024445242127043,73,True
fock,BA3,detection,1804.694440954548,0.010944011537436599,7.523304587549478,9.980721513590447e-25,4.928586739703978,73,True
fock,BA3,detection,2224.9116572200364,0.0048558108418791275,7.5235061436582225,1.2153585494013426e-24,7.399016190247101,73,True
fock,BA3,detection,2742.9750821503653,0.0021371088917208647,7.523545981239005,1.4859757914772753e-24,11.15296610710984,73,True
fock,BA3,detection,3381.667886399911,0.000935393187668572,7.52355371819781,1.8218752847567066e-24,16.858012960968022,73,True
coherent,BA1,injection,338.16678863999107,3.000000000000004,3.9999999992001647,4.412011500031151e-25,0.4082482905046792,441,True
coherent,BA1,injection,416.9078227624073,1.6969011316018328,3.9999999991946367,4.75838855843336e-25,0.5428211147400027,172,True
coherent,BA1,injection,513.9834499405246,0.9202321850747648,3.999999999203498,5.241195651208349e-25,0.7371167717632198,83,True
coherent,BA1,injection,633.66282038636,0.4778153487846648,3.9999999992010156,5.899836035842949e-25,1.022951289192819,73,True
coherent,BA1,injection,781.2091420189881,0.2380847911891477,3.999999999192564,6.779459531837587e-25,1.449169467722364,73,True
coherent,BA1,injection,963.1111435604433,0.114436783451581,3.999999999196638,7.931749455078025e-25,2.090269006305841,73,True
coherent,BA1,injection,1187.368433058812,0.0534160532321008,3.9999999991954276,9.416875304628788e-25,3.059490466108222,73,True
coherent,BA1,injection,1463.8433012129913,0.024378539285975723,3.9999999992000808,1.130654164692317e-24,4.528779356242342,73,True
coherent,BA1,injection,1804.694440954548,0.010944011537436599,3.9999999992000577,1.3687882382892307e-24,6.759222318255234,73,True
coherent,BA1,injection,2224.9116572200364,0.0048558108418791275,3.9999999992007274,1.6668041178781866e-24,10.14738462178593,73,True
coherent,BA1,injection,2742.9750821503653,0.0021371088917208647,3.9999999991999875,2.0379476715110014e-24,15.29578169360992,73,True
coherent,BA1,injection,3381.667886399911,0.000935393187668572,3.9999999992000235,2.498619711539723e-24,23.120003786259048,73,True
coherent,BA1,concurrent,338.16678863999107,3.000000000000004,1.4677957171440925,7.283394323376557e-25,0.6739405102568228,340,True
coherent,BA1,concurrent,416.9078227624073,1.6969011316018328,2.4518264193726775,6.077780871908061e-25,0.6933329944624789,172,True
coherent,BA1,concurrent,513.9834499405246,0.9202321850747648,3.1540693248847447,5.90234716473729e-25,0.8301004918398519,83,True
coherent,BA1,concurrent,633.66282038636,0.4778153487846648,3.4552056419025146,6.347942550976475e-25,1.1006468615047789,73,True
coherent,BA1,concurrent,781.2091420189881,0.2380847911891477,3.549231903593454,7.197105682920194e-25,1.5384450283505169,73,True
coherent,BA1,concurrent,963.1111435604433,0.114436783451581,3.573933107497621,8.391232862378017e-25,2.2113575417708744,73,True
coherent,BA1,concurrent,1187.368433058812,0.0534160532321008,3.579787400024729,9.954242067849363e-25,3.234077941857068,73,True
coherent,BA1,concurrent,1463.8433012129913,0.024378539285975723,3.5810811272859766,1.194958168877543e-24,4.786345865765633,73,True
coherent,BA1,concurrent,1804.694440954548,0.010944011537436599,3.5813530275247176,1.446580790782313e-24,7.143370239969168,73,True
coherent,BA1,concurrent,2224.9116572200364,0.0048558108418791275,3.5814081474327786,1.7615202971407364e-24,10.724009967604376,73,True
coherent,BA1,concurrent,2742.9750821503653,0.0021371088917208647,3.5814190415980947,2.1537508153520297e-24,16.164940226180473,73,True
coherent,BA1,concurrent,3381.667886399911,0.000935393187668572,3.581421157372087,2.6405990333518955e-24,24.433754111171478,73,True
coherent,BA1,detection,338.16678863999107,3.000000000000004,1.3114753699949957,7.705246945736751e-25,0.7129749987032489,441,True
coherent,BA1,detection,416.9078227624073,1.6969011316018328,2.1907067329250687,6.429804624577737e-25,0.7334906914417321,172,True
coherent,BA1,detection,513.9834499405246,0.9202321850747648,2.8181607198525653,6.24420983467977e-25,0.87817973261314,83,True
coherent,BA1,detection,633.66282038636,0.4778153487846648,3.0872259975555085,6.715614009615186e-25,1.1643960895051695,73,True
coherent,BA1,detection,781.2091420189881,0.2380847911891477,3.171238456029557,7.613960486037805e-25,1.6275514313483557,73,True
coherent,BA1,detection,963.1111435604433,0.114436783451581,3.1933089799950314,8.877251253201903e-25,2.3394388918674043,73,True
coherent,BA1,detection,1187.368433058812,0.0534160532321008,3.1985397899371852,1.053078961351903e-24,3.4213950361343377,73,True
coherent,BA1,detection,1463.8433012129913,0.024378539285975723,3.1996957351606294,1.264169887332383e-24,5.063569982154603,73,True
coherent,BA1,detection,1804.694440954548,0.010944011537436599,3.1999386780040733,1.5303664370263658e-24,7.557112697860285,73,True
coherent,BA1,detection,2224.9116572200364,0.0048558108418791275,3.1999879276405823,1.8635471714137362e-24,11.345142303373171,73,True
coherent,BA1,detection,2742.9750821503653,0.0021371088917208647,3.19999766157753,2.278495596328633e-24,17.101210064659988,73,True
coherent,BA1,detection,3381.667886399911,0.000935393187668572,3.199999552020593,2.7935419577214777e-24,25.848951859822577,73,True
coherent,BA2,injection,338.16678863999107,3.000000000000004,3.9999999991985637,4.412011500032034e-25,0.40824829050476086,441,True
coherent,BA2,injection,416.9078227624073,1.6969011316018328,3.9999999991979514,4.758388558431388e-25,0.5428211147397778,172,True
coherent,BA2,injection,513.9834499405246,0.9202321850747648,3.9999999991930903,5.241195651215168e-25,0.7371167717641787,83,True
coherent,BA2,injection,633.66282038636,0.4778153487846648,3.999999999188502,5.899836035852178e-25,1.0229512891944192,73,True
coherent,BA2,injection,781.2091420189881,0.2380847911891477,3.999999999192628,6.779459531837533e-25,1.4491694677223526,73,True
coherent,BA2,injection,963.1111435604433,0.114436783451581,3.9999999991933164,7.93174945508132e-25,2.090269006306709,73,True
coherent,BA2,injection,1187.368433058812,0.0534160532321008,3.999999999194931,9.416875304629372e-25,3.059490466108412,73,True
coherent,BA2,injection,1463.8433012129913,0.024378539285975723,3.9999999991998827,1.1306541646923449e-24,4.528779356242453,73,True
coherent,BA2,injection,1804.694440954548,0.010944011537436599,3.9999999991999955,1.3687882382892415e-24,6.759222318255287,73,True
coherent,BA2,injection,2224.9116572200364,0.0048558108418791275,3.999999999200475,1.666804117878239e-24,10.14738462178625,73,True
coherent,BA2,injection,2742.9750821503653,0.0021371088917208647,3.9999999992000204,2.037947671510993e-24,15.295781693609856,73,True
coherent,BA2,injection,3381.667886399911,0.000935393187668572,3.9999999991999737,2.498619711539739e-24,23.120003786259193,73,True
coherent,BA2,concurrent,338.16678863999107,3.000000000000004,3.581421658104242,4.66271535194947e-25,0.43144619444664967,340,True
coherent,BA2,concurrent,416.9078227624073,1.6969011316018328,3.5814216581039657,5.028774603551419e-25,0.5736658540080898,172,True
coherent,BA2,concurrent,513.9834499405246,0.9202321850747648,3.5814216580981295,5.5390162571694255e-25,0.7790019785442301,83,True
coherent,BA2,concurrent,633.66282038636,0.4778153487846648,3.581421658095168,6.23508258266171e-25,1.081078478691348,73,True
coherent,BA2,concurrent,781.2091420189881,0.2380847911891477,3.58142165809672,7.164688948974693e-25,1.5315156646075099,73,True
coherent,BA2,concurrent,963.1111435604433,0.114436783451581,3.5814216581069807,8.382455474496745e-25,2.2090444200631785,73,True
coherent,BA2,concurrent,1187.368433058812,0.0534160532321008,3.581421658106539,9.951970671412892e-25,3.233339977774787,73,True
coherent,BA2,concurrent,1463.8433012129913,0.024378539285975723,3.581421658106131,1.1949013576727537e-24,4.786118311293641,73,True
coherent,BA2,concurrent,1804.694440954548,0.010944011537436599,3.581421658106079,1.4465669303428335e-24,7.143301795640636,73,True
coherent,BA2,concurrent,2224.9116572200364,0.0048558108418791275,3.58142165810662,1.7615169745288076e-24,10.723989739779865,73,True
coherent,BA2,concurrent,2742.9750821503653,0.0021371088917208647,3.5814216581066245,2.1537500286102065e-24,16.164934321303058,73,True
coherent,BA2,concurrent,3381.667886399911,0.000935393187668572,3.581421658106608,2.6405988487549303e-24,24.4337524030754,73,True
coherent,BA2,detection,338.16678863999107,3.000000000000004,1.3114753699921915,7.705246945744989e-25,0.7129749987040112,441,True
coherent,BA2,detection,416.9078227624073,1.6969011316018328,2.1907067329205994,6.429804624584294e-25,0.7334906914424801,172,True
coherent,BA2,detection,513.9834499405246,0.9202321850747648,2.818160719869458,6.244209834661056e-25,0.878179732610508,83,True
coherent,BA2,detection,633.66282038636,0.4778153487846648,3.0872259975802523,6.715614009588273e-25,1.1643960895005034,73,True
coherent,BA2,detection,781.2091420189881,0.2380847911891477,3.17123845603687,7.613960486029027e-25,1.6275514313464792,73,True
coherent,BA2,detection,963.1111435604433,0.114436783451581,3.193308979983888,8.877251253217393e-25,2.339438891871487,73,True
coherent,BA2,detection,1187.368433058812,0.0534160532321008,3.198539789936084,1.0530789613520842e-24,3.421395036134926,73,True
coherent,BA2,detection,1463.8433012129913,0.024378539285975723,3.1996957351592474,1.264169887332656e-24,5.063569982155697,73,True
coherent,BA2,detection,1804.694440954548,0.010944011537436599,3.199938678003151,1.530366437026586e-24,7.557112697861372,73,True
coherent,BA2,detection,2224.9116572200364,0.0048558108418791275,3.1999879276407186,1.8635471714136966e-24,11.34514230337293,73,True
coherent,BA2,detection,2742.9750821503653,0.0021371088917208647,3.199997661577417,2.278495596328673e-24,17.101210064660286,73,True
coherent,BA2,detection,3381.667886399911,0.000935393187668572,3.199999552020535,2.7935419577215034e-24,25.848951859822815,73,True
coherent,BA3,injection,338.16678863999107,3.000000000000004,3.999999999176844,4.412011500044013e-25,0.4082482905058693,441,True
coherent,BA3,injection,416.9078227624073,1.6969011316018328,3.999999999178652,4.7583885584428665e-25,0.5428211147410872,172,True
coherent,BA3,injection,513.9834499405246,0.9202321850747648,3.999999999225983,5.241195651193618e-25,0.737116771761148,83,True
coherent,BA3,injection,633.66282038636,0.4778153487846648,3.9999999991803037,5.899836035858223e-25,1.0229512891954673,73,True
coherent,BA3,injection,781.2091420189881,0.2380847911891477,3.999999999197149,6.779459531833701e-25,1.4491694677215332,73,True
coherent,BA3,injection,963.1111435604433,0.114436783451581,3.9999999992046202,7.931749455070111e-25,2.0902690063037555,73,True
coherent,BA3,injection,1187.368433058812,0.0534160532321008,3.9999999991890354,9.416875304636313e-25,3.059490466110667,73,True
coherent,BA3,injection,1463.8433012129913,0.024378539285975723,3.999999999200057,1.1306541646923203e-24,4.528779356242355,73,True
coherent,BA3,injection,1804.694440954548,0.010944011537436599,3.9999999991983013,1.3687882382895311e-24,6.759222318256718,73,True
coherent,BA3,injection,2224.9116572200364,0.0048558108418791275,3.9999999992000244,1.6668041178783328e-24,10.14738462178682,73,True
coherent,BA3,injection,2742.9750821503653,0.0021371088917208647,3.999999999200353,2.037947671510909e-24,15.295781693609225,73,True
coherent,BA3,injection,3381.667886399911,0.000935393187668572,3.999999999200063,2.498619711539711e-24,23.120003786258938,73,True
coherent,BA3,concurrent,338.16678863999107,3.000000000000004,2.330320480331918,5.780412152017726e-25,0.5348679121659244,340,True
coherent,BA3,concurrent,416.9078227624073,1.6969011316018328,3.056420242103768,5.443564392024172e-25,0.6209836912541679,172,True
coherent,BA3,concurrent,513.9834499405246,0.9202321850747648,3.409202332770817,5.677197190193482e-25,0.7984356135481896,83,True
coherent,BA3,concurrent,633.66282038636,0.4778153487846648,3.533300612289269,6.277397693489562e-25,1.0884153431246497,73,True
coherent,BA3,concurrent,781.2091420189881,0.2380847911891477,3.569352214742149,7.176792101690684e-25,1.5341028206037697,73,True
coherent,BA3,concurrent,963.1111435604433,0.114436783451581,3.5786260149960256,8.38572904636846e-25,2.2099071106791786,73,True
coherent,BA3,concurrent,1187.368433058812,0.0534160532321008,3.5808121593224853,9.95281760999278e-25,3.2336151434137834,73,True
coherent,BA3,concurrent,1463.8433012129913,0.024378539285975723,3.5812946912545045,1.1949225387723043e-24,4.78620315114068,73,True
coherent,BA3,concurrent,1804.694440954548,0.010944011537436599,3.5813960705219894,1.4465720978928798e-24,7.143327313553946,73,True
coherent,BA3,concurrent,2224.9116572200364,0.0048558108418791275,3.5814166212804754,1.7615182132078797e-24,10.723997280769733,73,True
coherent,BA3,concurrent,2742.9750821503653,0.0021371088917208647,3.5814206829870194,2.1537503218128095e-24,16.164936521930223,73,True
coherent,BA3,concurrent,3381.667886399911,0.000935393187668572,3.5814214718179724,2.6405989174306714e-24,24.433753038539606,73,True
coherent,BA3,detection,338.16678863999107,3.000000000000004,1.311475369973795,7.705246945799032e-25,0.7129749987090118,441,True
coherent,BA3,detection,416.9078227624073,1.6969011316018328,2.1907067329283025,6.42980462457299e-25,0.7334906914411906,172,True
coherent,BA3,detection,513.9834499405246,0.9202321850747648,2.81816071986552,6.244209834665418e-25,0.8781797326111215,83,True
coherent,BA3,detection,633.66282038636,0.4778153487846648,3.0872259975491043,6.715614009622151e-25,1.1643960895063774,73,True
coherent,BA3,detection,781.2091420189881,0.2380847911891477,3.171238456039081,7.613960486026372e-25,1.6275514313459116,73,True
coherent,BA3,detection,963.1111435604433,0.114436783451581,3.1933089799921683,8.877251253205883e-25,2.339438891868453,73,True
coherent,BA3,detection,1187.368433058812,0.0534160532321008,3.198539789929602,1.0530789613531513e-24,3.421395036138393,73,True
coherent,BA3,detection,1463.8433012129913,0.024378539285975723,3.1996957351576674,1.2641698873329681e-24,5.063569982156947,73,True
coherent,BA3,detection,1804.694440954548,0.010944011537436599,3.199938678003002,1.5303664370266216e-24,7.557112697861548,73,True
coherent,BA3,detection,2224.9116572200364,0.0048558108418791275,3.199987927640357,1.8635471714138016e-24,11.345142303373569,73,True
coherent,BA3,detection,2742.9750821503653,0.0021371088917208647,3.1999976615778287,2.2784955963285264e-24,17.10121006465919,73,True
coherent,BA3,detection,3381.667886399911,0.000935393187668572,3.199999552020575,2.7935419577214857e-24,25.84895185982265,73,True
