exp,family,ba_type,chain,chi,nbar,theta_sig,eta_in,eta_out,pn,qfi,N_used
orderings,coherent,shear,BA1,0.0,4.0,0.0,1.0,1.0,0.0,1.9999999997999982,98
orderings,coherent,shear,BA1,0.5,4.0,0.0,1.0,1.0,0.0,1.9999999998021099,98
orderings,coherent,shear,BA1,1.0,4.0,0.0,1.0,1.0,0.0,1.9999999998002644,105
orderings,coherent,shear,BA1,2.0,4.0,0.0,1.0,1.0,0.0,1.9999999998000375,219
orderings,coherent,shear,BA2,0.0,4.0,0.0,1.0,1.0,0.0,1.9999999997999982,98
orderings,coherent,shear,BA2,0.5,4.0,0.0,1.0,1.0,0.0,1.9999999998023388,98
orderings,coherent,shear,BA2,1.0,4.0,0.0,1.0,1.0,0.0,1.9999999998003026,105
orderings,coherent,shear,BA2,2.0,4.0,0.0,1.0,1.0,0.0,1.9999999998000937,219
orderings,coherent,shear,BA3,0.0,4.0,0.0,1.0,1.0,0.0,1.9999999997999982,98
orderings,coherent,shear,BA3,0.5,4.0,0.0,1.0,1.0,0.0,1.99999999980195,98
orderings,coherent,shear,BA3,1.0,4.0,0.0,1.0,1.0,0.0,1.999999999798288,105
orderings,coherent,shear,BA3,2.0,4.0,0.0,1.0,1.0,0.0,1.9999999997997038,219
orderings,coherent,kerr,BA1,0.0,4.0,0.0,1.0,1.0,0.0,1.9999999997999982,98
orderings,coherent,kerr,BA1,0.05,4.0,0.0,1.0,1.0,0.0,1.1030902500164097,98
orderings,coherent,kerr,BA1,0.1,4.0,0.0,1.0,1.0,0.0,2.913995137485874,98
orderings,coherent,kerr,BA1,0.2,4.0,0.0,1.0,1.0,0.0,13.303844998200624,98
orderings,coherent,kerr,BA2,0.0,4.0,0.0,1.0,1.0,0.0,1.9999999997999982,98
orderings,coherent,kerr,BA2,0.05,4.0,0.0,1.0,1.0,0.0,1.9999999997981552,98
orderings,coherent,kerr,BA2,0.1,4.0,0.0,1.0,1.0,0.0,1.999999999800066,98
orderings,coherent,kerr,BA2,0.2,4.0,0.0,1.0,1.0,0.0,1.9999999998005507,98
orderings,coherent,kerr,BA3,0.0,4.0,0.0,1.0,1.0,0.0,1.9999999997999982,98
orderings,coherent,kerr,BA3,0.05,4.0,0.0,1.0,1.0,0.0,1.5280308046903415,98
orderings,coherent,kerr,BA3,0.1,4.0,0.0,1.0,1.0,0.0,0.8596226555670469,98
orderings,coherent,kerr,BA3,0.2,4.0,0.0,1.0,1.0,0.0,2.017960332213881,98
orderings,squeezed,shear,BA1,0.0,4.0,0.0,1.0,1.0,0.0,35.88851151781654,138
orderings,squeezed,shear,BA1,0.5,4.0,0.0,1.0,1.0,0.0,35.888511517816546,138
orderings,squeezed,shear,BA1,1.0,4.0,0.0,1.0,1.0,0.0,35.88731255363916,105
orderings,squeezed,shear,BA1,2.0,4.0,0.0,1.0,1.0,0.0,35.88854375038035,219
orderings,squeezed,shear,BA2,0.0,4.0,0.0,1.0,1.0,0.0,35.88851151781654,138
orderings,squeezed,shear,BA2,0.5,4.0,0.0,1.0,1.0,0.0,35.88851151781657,138
orderings,squeezed,shear,BA2,1.0,4.0,0.0,1.0,1.0,0.0,35.887312553639234,105
orderings,squeezed,shear,BA2,2.0,4.0,0.0,1.0,1.0,0.0,35.88854375038024,219
orderings,squeezed,shear,BA3,0.0,4.0,0.0,1.0,1.0,0.0,35.88851151781654,138
orderings,squeezed,shear,BA3,0.5,4.0,0.0,1.0,1.0,0.0,35.88851151781653,138
orderings,squeezed,shear,BA3,1.0,4.0,0.0,1.0,1.0,0.0,35.887312553639205,105
orderings,squeezed,shear,BA3,2.0,4.0,0.0,1.0,1.0,0.0,35.88854375038009,219
orderings,squeezed,kerr,BA1,0.0,4.0,0.0,1.0,1.0,0.0,35.88851151781654,138
orderings,squeezed,kerr,BA1,0.05,4.0,0.0,1.0,1.0,0.0,18.408952904145334,98
orderings,squeezed,kerr,BA1,0.1,4.0,0.0,1.0,1.0,0.0,17.484845458440365,98
orderings,squeezed,kerr,BA1,0.2,4.0,0.0,1.0,1.0,0.0,17.759603368236668,98
orderings,squeezed,kerr,BA2,0.0,4.0,0.0,1.0,1.0,0.0,35.88851151781654,138
orderings,squeezed,kerr,BA2,0.05,4.0,0.0,1.0,1.0,0.0,35.888511517816546,138
orderings,squeezed,kerr,BA2,0.1,4.0,0.0,1.0,1.0,0.0,35.88851151781652,138
orderings,squeezed,kerr,BA2,0.2,4.0,0.0,1.0,1.0,0.0,35.888511517816546,138
orderings,squeezed,kerr,BA3,0.0,4.0,0.0,1.0,1.0,0.0,35.88851151781654,138
orderings,squeezed,kerr,BA3,0.05,4.0,0.0,1.0,1.0,0.0,21.612920932312203,98
orderings,squeezed,kerr,BA3,0.1,4.0,0.0,1.0,1.0,0.0,12.799687801011585,98
orderings,squeezed,kerr,BA3,0.2,4.0,0.0,1.0,1.0,0.0,6.6014661379038015,98
orderings,fock,shear,BA1,0.0,4.0,0.0,1.0,1.0,0.0,17.999999987799995,98
orderings,fock,shear,BA1,0.5,4.0,0.0,1.0,1.0,0.0,17.999999987799956,98
orderings,fock,shear,BA1,1.0,4.0,0.0,1.0,1.0,0.0,17.99999998779995,105
orderings,fock,shear,BA1,2.0,4.0,0.0,1.0,1.0,0.0,17.9999999878001,219
orderings,fock,shear,BA2,0.0,4.0,0.0,1.0,1.0,0.0,17.999999987799995,98
orderings,fock,shear,BA2,0.5,4.0,0.0,1.0,1.0,0.0,17.999999987800003,98
orderings,fock,shear,BA2,1.0,4.0,0.0,1.0,1.0,0.0,17.999999987800006,105
orderings,fock,shear,BA2,2.0,4.0,0.0,1.0,1.0,0.0,17.99999998779985,219
orderings,fock,shear,BA3,0.0,4.0,0.0,1.0,1.0,0.0,17.999999987799995,98
orderings,fock,shear,BA3,0.5,4.0,0.0,1.0,1.0,0.0,17.999999987800038,98
orderings,fock,shear,BA3,1.0,4.0,0.0,1.0,1.0,0.0,17.99999998780001,105
orderings,fock,shear,BA3,2.0,4.0,0.0,1.0,1.0,0.0,17.999999987799512,219
orderings,fock,kerr,BA1,0.0,4.0,0.0,1.0,1.0,0.0,17.999999987799995,98
orderings,fock,kerr,BA1,0.05,4.0,0.0,1.0,1.0,0.0,17.999999987799995,98
orderings,fock,kerr,BA1,0.1,4.0,0.0,1.0,1.0,0.0,17.999999987799992,98
orderings,fock,kerr,BA1,0.2,4.0,0.0,1.0,1.0,0.0,17.999999987799995,98
orderings,fock,kerr,BA2,0.0,4.0,0.0,1.0,1.0,0.0,17.999999987799995,98
orderings,fock,kerr,BA2,0.05,4.0,0.0,1.0,1.0,0.0,17.999999987799995,98
orderings,fock,kerr,BA2,0.1,4.0,0.0,1.0,1.0,0.0,17.999999987799995,98
orderings,fock,kerr,BA2,0.2,4.0,0.0,1.0,1.0,0.0,17.999999987800003,98
orderings,fock,kerr,BA3,0.0,4.0,0.0,1.0,1.0,0.0,17.999999987799995,98
orderings,fock,kerr,BA3,0.05,4.0,0.0,1.0,1.0,0.0,17.75105101804254,98
orderings,fock,kerr,BA3,0.1,4.0,0.0,1.0,1.0,0.0,17.021586191538674,98
orderings,fock,kerr,BA3,0.2,4.0,0.0,1.0,1.0,0.0,14.351099989798865,98
orderings,cat,shear,BA1,0.0,4.0,0.0,1.0,1.0,0.0,34.01068114995869,98
orderings,cat,shear,BA1,0.5,4.0,0.0,1.0,1.0,0.0,34.01068114995865,98
orderings,cat,shear,BA1,1.0,4.0,0.0,1.0,1.0,0.0,34.01068114995869,105
orderings,cat,shear,BA1,2.0,4.0,0.0,1.0,1.0,0.0,34.01068114995879,219
orderings,cat,shear,BA2,0.0,4.0,0.0,1.0,1.0,0.0,34.01068114995869,98
orderings,cat,shear,BA2,0.5,4.0,0.0,1.0,1.0,0.0,34.01068114995869,98
orderings,cat,shear,BA2,1.0,4.0,0.0,1.0,1.0,0.0,34.010681149958764,105
orderings,cat,shear,BA2,2.0,4.0,0.0,1.0,1.0,0.0,34.01068114995851,219
orderings,cat,shear,BA3,0.0,4.0,0.0,1.0,1.0,0.0,34.01068114995869,98
orderings,cat,shear,BA3,0.5,4.0,0.0,1.0,1.0,0.0,34.0106811499587,98
orderings,cat,shear,BA3,1.0,4.0,0.0,1.0,1.0,0.0,34.01068114995877,105
orderings,cat,shear,BA3,2.0,4.0,0.0,1.0,1.0,0.0,34.01068114995808,219
orderings,cat,kerr,BA1,0.0,4.0,0.0,1.0,1.0,0.0,34.01068114995869,98
orderings,cat,kerr,BA1,0.05,4.0,0.0,1.0,1.0,0.0,26.048844304396052,98
orderings,cat,kerr,BA1,0.1,4.0,0.0,1.0,1.0,0.0,13.588919390200518,98
orderings,cat,kerr,BA1,0.2,4.0,0.0,1.0,1.0,0.0,13.889171389998229,98
orderings,cat,kerr,BA2,0.0,4.0,0.0,1.0,1.0,0.0,34.01068114995869,98
orderings,cat,kerr,BA2,0.05,4.0,0.0,1.0,1.0,0.0,34.01068114995875,98
orderings,cat,kerr,BA2,0.1,4.0,0.0,1.0,1.0,0.0,34.010681149958685,98
orderings,cat,kerr,BA2,0.2,4.0,0.0,1.0,1.0,0.0,34.010681149958714,98
orderings,cat,kerr,BA3,0.0,4.0,0.0,1.0,1.0,0.0,34.01068114995869,98
orderings,cat,kerr,BA3,0.05,4.0,0.0,1.0,1.0,0.0,31.0518608825479,98
orderings,cat,kerr,BA3,0.1,4.0,0.0,1.0,1.0,0.0,24.042727189598338,98
orderings,cat,kerr,BA3,0.2,4.0,0.0,1.0,1.0,0.0,10.946244740566346,98
orderings,sqz_cat,shear,BA1,0.0,4.0,0.0,1.0,1.0,0.0,35.88587612937651,98
orderings,sqz_cat,shear,BA1,0.5,4.0,0.0,1.0,1.0,0.0,35.885876129376534,98
orderings,sqz_cat,shear,BA1,1.0,4.0,0.0,1.0,1.0,0.0,35.885907496904025,105
orderings,sqz_cat,shear,BA1,2.0,4.0,0.0,1.0,1.0,0.0,35.88592607209608,219
orderings,sqz_cat,shear,BA2,0.0,4.0,0.0,1.0,1.0,0.0,35.88587612937651,98
orderings,sqz_cat,shear,BA2,0.5,4.0,0.0,1.0,1.0,0.0,35.88587612937656,98
orderings,sqz_cat,shear,BA2,1.0,4.0,0.0,1.0,1.0,0.0,35.88590749690406,105
orderings,sqz_cat,shear,BA2,2.0,4.0,0.0,1.0,1.0,0.0,35.88592607209592,219
orderings,sqz_cat,shear,BA3,0.0,4.0,0.0,1.0,1.0,0.0,35.88587612937651,98
orderings,sqz_cat,shear,BA3,0.5,4.0,0.0,1.0,1.0,0.0,35.885876129376506,98
orderings,sqz_cat,shear,BA3,1.0,4.0,0.0,1.0,1.0,0.0,35.88590749690404,105
orderings,sqz_cat,shear,BA3,2.0,4.0,0.0,1.0,1.0,0.0,35.88592607209578,219
orderings,sqz_cat,kerr,BA1,0.0,4.0,0.0,1.0,1.0,0.0,35.88587612937651,98
orderings,sqz_cat,kerr,BA1,0.05,4.0,0.0,1.0,1.0,0.0,18.05510741383669,98
orderings,sqz_cat,kerr,BA1,0.1,4.0,0.0,1.0,1.0,0.0,17.261416152075594,98
orderings,sqz_cat,kerr,BA1,0.2,4.0,0.0,1.0,1.0,0.0,17.72270082551044,98
orderings,sqz_cat,kerr,BA2,0.0,4.0,0.0,1.0,1.0,0.0,35.88587612937651,98
orderings,sqz_cat,kerr,BA2,0.05,4.0,0.0,1.0,1.0,0.0,35.88587612937649,98
orderings,sqz_cat,kerr,BA2,0.1,4.0,0.0,1.0,1.0,0.0,35.8858761293765,98
orderings,sqz_cat,kerr,BA2,0.2,4.0,0.0,1.0,1.0,0.0,35.88587612937653,98
orderings,sqz_cat,kerr,BA3,0.0,4.0,0.0,1.0,1.0,0.0,35.88587612937651,98
orderings,sqz_cat,kerr,BA3,0.05,4.0,0.0,1.0,1.0,0.0,22.725508224313373,98
orderings,sqz_cat,kerr,BA3,0.1,4.0,0.0,1.0,1.0,0.0,13.292751887977525,98
orderings,sqz_cat,kerr,BA3,0.2,4.0,0.0,1.0,1.0,0.0,6.685562884194158,98
offaxis,coherent,shear,BA1,0.0,4.0,1.5707963267948966,1.0,1.0,0.0,1.9999999997984685,98
offaxis,coherent,shear,BA1,0.5,4.0,1.5707963267948966,1.0,1.0,0.0,2.4999999996896944,98
offaxis,coherent,shear,BA1,1.0,4.0,1.5707963267948966,1.0,1.0,0.0,3.9999999991984523,105
offaxis,coherent,shear,BA1,2.0,4.0,1.5707963267948966,1.0,1.0,0.0,9.999999995000811,219
offaxis,squeezed,shear,BA1,0.0,4.0,1.5707963267948966,1.0,1.0,0.0,0.1114562472160322,194
offaxis,squeezed,shear,BA1,0.5,4.0,1.5707963267948966,1.0,1.0,0.0,9.08236498824187,98
offaxis,squeezed,shear,BA1,1.0,4.0,1.5707963267948966,1.0,1.0,0.0,35.999589792134465,206
offaxis,squeezed,shear,BA1,2.0,4.0,1.5707963267948966,1.0,1.0,0.0,143.6654837701688,602
offaxis,fock,shear,BA1,0.0,4.0,1.5707963267948966,1.0,1.0,0.0,17.999999987799995,98
offaxis,fock,shear,BA1,0.5,4.0,1.5707963267948966,1.0,1.0,0.0,22.499999980937424,98
offaxis,fock,shear,BA1,1.0,4.0,1.5707963267948966,1.0,1.0,0.0,35.99999995119988,105
offaxis,fock,shear,BA1,2.0,4.0,1.5707963267948966,1.0,1.0,0.0,89.99999969500034,219
offaxis,cat,shear,BA1,0.0,4.0,1.5707963267948966,1.0,1.0,0.0,1.98931880907946,98
offaxis,cat,shear,BA1,0.5,4.0,1.5707963267948966,1.0,1.0,0.0,10.491989102516095,98
offaxis,cat,shear,BA1,1.0,4.0,1.5707963267948966,1.0,1.0,0.0,35.99999995225522,105
offaxis,cat,shear,BA1,2.0,4.0,1.5707963267948966,1.0,1.0,0.0,138.0320428926497,219
offaxis,sqz_cat,shear,BA1,0.0,4.0,1.5707963267948966,1.0,1.0,0.0,0.1140739327108232,138
offaxis,sqz_cat,shear,BA1,0.5,4.0,1.5707963267948966,1.0,1.0,0.0,9.08543105158321,98
offaxis,sqz_cat,shear,BA1,1.0,4.0,1.5707963267948966,1.0,1.0,0.0,35.999994532746214,206
offaxis,sqz_cat,shear,BA1,2.0,4.0,1.5707963267948966,1.0,1.0,0.0,143.65751697685354,430
loss_placement,coherent,shear,injection,0.0,4.0,0.0,0.8,1.0,0.0,1.9999999997999975,98
loss_placement,coherent,shear,injection,0.5,4.0,0.0,0.8,1.0,0.0,1.999999999801324,98
loss_placement,coherent,shear,injection,1.0,4.0,0.0,0.8,1.0,0.0,1.999999999800384,105
loss_placement,coherent,shear,injection,2.0,4.0,0.0,0.8,1.0,0.0,1.9999999997994689,219
loss_placement,coherent,shear,detection,0.0,4.0,0.0,1.0,0.8,0.0,1.5999999998719985,98
loss_placement,coherent,shear,detection,0.5,4.0,0.0,1.0,0.8,0.0,1.538461467939384,98
loss_placement,coherent,shear,detection,1.0,4.0,0.0,1.0,0.8,0.0,1.37931032049721,105
loss_placement,coherent,shear,detection,2.0,4.0,0.0,1.0,0.8,0.0,0.9756097000027647,219
loss_placement,coherent,kerr,injection,0.0,4.0,0.0,0.8,1.0,0.0,1.9999999997999975,98
loss_placement,coherent,kerr,injection,0.05,4.0,0.0,0.8,1.0,0.0,1.292506350766767,98
loss_placement,coherent,kerr,injection,0.1,4.0,0.0,0.8,1.0,0.0,1.6675685218137941,98
loss_placement,coherent,kerr,injection,0.2,4.0,0.0,0.8,1.0,0.0,9.716700793034908,98
loss_placement,coherent,kerr,detection,0.0,4.0,0.0,1.0,0.8,0.0,1.5999999998719985,98
loss_placement,coherent,kerr,detection,0.05,4.0,0.0,1.0,0.8,0.0,0.9380006844669866,98
loss_placement,coherent,kerr,detection,0.1,4.0,0.0,1.0,0.8,0.0,1.470999303415409,98
loss_placement,coherent,kerr,detection,0.2,4.0,0.0,1.0,0.8,0.0,4.055913118800293,98
loss_placement,squeezed,shear,injection,0.0,4.0,0.0,0.8,1.0,0.0,8.177078150919773,98
loss_placement,squeezed,shear,injection,0.5,4.0,0.0,0.8,1.0,0.0,8.177078150919785,98
loss_placement,squeezed,shear,injection,1.0,4.0,0.0,0.8,1.0,0.0,8.17714863626409,105
loss_placement,squeezed,shear,injection,2.0,4.0,0.0,0.8,1.0,0.0,8.17720023701584,219
loss_placement,squeezed,shear,detection,0.0,4.0,0.0,1.0,0.8,0.0,6.541662520735595,98
loss_placement,squeezed,shear,detection,0.5,4.0,0.0,1.0,0.8,0.0,5.443771635197562,98
loss_placement,squeezed,shear,detection,1.0,4.0,0.0,1.0,0.8,0.0,3.6212517068352525,206
loss_placement,squeezed,shear,detection,2.0,4.0,0.0,1.0,0.8,0.0,1.5480216907705702,430
loss_placement,squeezed,kerr,injection,0.0,4.0,0.0,0.8,1.0,0.0,8.177078150919773,98
loss_placement,squeezed,kerr,injection,0.05,4.0,0.0,0.8,1.0,0.0,7.629208861670841,138
loss_placement,squeezed,kerr,injection,0.1,4.0,0.0,0.8,1.0,0.0,10.837592145405019,138
loss_placement,squeezed,kerr,injection,0.2,4.0,0.0,0.8,1.0,0.0,13.615709622831826,98
loss_placement,squeezed,kerr,detection,0.0,4.0,0.0,1.0,0.8,0.0,6.541662520735595,98
loss_placement,squeezed,kerr,detection,0.05,4.0,0.0,1.0,0.8,0.0,4.461621769313095,98
loss_placement,squeezed,kerr,detection,0.1,4.0,0.0,1.0,0.8,0.0,4.776583509089343,98
loss_placement,squeezed,kerr,detection,0.2,4.0,0.0,1.0,0.8,0.0,5.052589972518478,98
loss_placement,fock,shear,injection,0.0,4.0,0.0,0.8,1.0,0.0,5.202249042908379,98
loss_placement,fock,shear,injection,0.5,4.0,0.0,0.8,1.0,0.0,5.202249042908373,98
loss_placement,fock,shear,injection,1.0,4.0,0.0,0.8,1.0,0.0,5.20224904290837,105
loss_placement,fock,shear,injection,2.0,4.0,0.0,0.8,1.0,0.0,5.202249042908373,219
loss_placement,fock,shear,detection,0.0,4.0,0.0,1.0,0.8,0.0,4.161799234672976,98
loss_placement,fock,shear,detection,0.5,4.0,0.0,1.0,0.8,0.0,4.02397429812512,98
loss_placement,fock,shear,detection,1.0,4.0,0.0,1.0,0.8,0.0,3.6247327309000363,105
loss_placement,fock,shear,detection,2.0,4.0,0.0,1.0,0.8,0.0,2.5281730932382036,219
loss_placement,fock,kerr,injection,0.0,4.0,0.0,0.8,1.0,0.0,5.202249042908379,98
loss_placement,fock,kerr,injection,0.05,4.0,0.0,0.8,1.0,0.0,5.202249042908379,98
loss_placement,fock,kerr,injection,0.1,4.0,0.0,0.8,1.0,0.0,5.202249042908379,98
loss_placement,fock,kerr,injection,0.2,4.0,0.0,0.8,1.0,0.0,5.202249042908379,98
loss_placement,fock,kerr,detection,0.0,4.0,0.0,1.0,0.8,0.0,4.161799234672976,98
loss_placement,fock,kerr,detection,0.05,4.0,0.0,1.0,0.8,0.0,4.161799234672976,98
loss_placement,fock,kerr,detection,0.1,4.0,0.0,1.0,0.8,0.0,4.1617992346729755,98
loss_placement,fock,kerr,detection,0.2,4.0,0.0,1.0,0.8,0.0,4.161799234672976,98
loss_placement,cat,shear,injection,0.0,4.0,0.0,0.8,1.0,0.0,3.0498278271832233,98
loss_placement,cat,shear,injection,0.5,4.0,0.0,0.8,1.0,0.0,3.04982782718322,98
loss_placement,cat,shear,injection,1.0,4.0,0.0,0.8,1.0,0.0,3.0498278271832095,105
loss_placement,cat,shear,injection,2.0,4.0,0.0,0.8,1.0,0.0,3.049827827183288,219
loss_placement,cat,shear,detection,0.0,4.0,0.0,1.0,0.8,0.0,2.4398622619369066,98
loss_placement,cat,shear,detection,0.5,4.0,0.0,1.0,0.8,0.0,2.080690618935502,98
loss_placement,cat,shear,detection,1.0,4.0,0.0,1.0,0.8,0.0,1.576578152553941,105
loss_placement,cat,shear,detection,2.0,4.0,0.0,1.0,0.8,0.0,0.9937683889858889,219
loss_placement,cat,kerr,injection,0.0,4.0,0.0,0.8,1.0,0.0,3.0498278271832233,98
loss_placement,cat,kerr,injection,0.05,4.0,0.0,0.8,1.0,0.0,2.1760496256322948,98
loss_placement,cat,kerr,injection,0.1,4.0,0.0,0.8,1.0,0.0,2.1766818625056823,98
loss_placement,cat,kerr,injection,0.2,4.0,0.0,0.8,1.0,0.0,9.731454538014491,98
loss_placement,cat,kerr,detection,0.0,4.0,0.0,1.0,0.8,0.0,2.4398622619369066,98
loss_placement,cat,kerr,detection,0.05,4.0,0.0,1.0,0.8,0.0,1.9240282191584384,98
loss_placement,cat,kerr,detection,0.1,4.0,0.0,1.0,0.8,0.0,2.3388317898045057,98
loss_placement,cat,kerr,detection,0.2,4.0,0.0,1.0,0.8,0.0,4.783900117181357,98
loss_placement,sqz_cat,shear,injection,0.0,4.0,0.0,0.8,1.0,0.0,8.156832705123584,98
loss_placement,sqz_cat,shear,injection,0.5,4.0,0.0,0.8,1.0,0.0,8.156832705123545,98
loss_placement,sqz_cat,shear,injection,1.0,4.0,0.0,0.8,1.0,0.0,8.15683601209955,105
loss_placement,sqz_cat,shear,injection,2.0,4.0,0.0,0.8,1.0,0.0,8.156837253497411,219
loss_placement,sqz_cat,shear,detection,0.0,4.0,0.0,1.0,0.8,0.0,6.525466164108481,98
loss_placement,sqz_cat,shear,detection,0.5,4.0,0.0,1.0,0.8,0.0,5.431965107473449,98
loss_placement,sqz_cat,shear,detection,1.0,4.0,0.0,1.0,0.8,0.0,3.615276389116418,147
loss_placement,sqz_cat,shear,detection,2.0,4.0,0.0,1.0,0.8,0.0,1.5469256258599675,430
loss_placement,sqz_cat,kerr,injection,0.0,4.0,0.0,0.8,1.0,0.0,8.156832705123584,98
loss_placement,sqz_cat,kerr,injection,0.05,4.0,0.0,0.8,1.0,0.0,7.080673897610991,98
loss_placement,sqz_cat,kerr,injection,0.1,4.0,0.0,0.8,1.0,0.0,10.470207245540516,98
loss_placement,sqz_cat,kerr,injection,0.2,4.0,0.0,0.8,1.0,0.0,13.519469507093307,98
loss_placement,sqz_cat,kerr,detection,0.0,4.0,0.0,1.0,0.8,0.0,6.525466164108481,98
loss_placement,sqz_cat,kerr,detection,0.05,4.0,0.0,1.0,0.8,0.0,4.378085103146,98
loss_placement,sqz_cat,kerr,detection,0.1,4.0,0.0,1.0,0.8,0.0,4.785461268323153,98
loss_placement,sqz_cat,kerr,detection,0.2,4.0,0.0,1.0,0.8,0.0,5.128228824313598,98
pn_chain,coherent,shear,BA1,2.0,4.0,0.0,1.0,0.9,0.0,1.3235293984363488,219
pn_chain,coherent,shear,BA1,2.0,4.0,0.0,1.0,0.9,0.1,1.1979374798728368,219
pn_chain,coherent,shear,BA1,2.0,4.0,0.0,1.0,0.9,0.3,0.7181150415194592,219
pn_chain,coherent,shear,BA2,2.0,4.0,0.0,1.0,0.9,0.0,1.3235293984348218,219
pn_chain,coherent,shear,BA2,2.0,4.0,0.0,1.0,0.9,0.1,1.1979374798745628,219
pn_chain,coherent,shear,BA2,2.0,4.0,0.0,1.0,0.9,0.3,0.7181150415236208,219
pn_chain,coherent,kerr,BA1,0.1,4.0,0.0,1.0,0.9,0.0,2.0019281233318424,98
pn_chain,coherent,kerr,BA1,0.1,4.0,0.0,1.0,0.9,0.1,1.8923635615170116,98
pn_chain,coherent,kerr,BA1,0.1,4.0,0.0,1.0,0.9,0.3,1.5082521826591013,98
pn_chain,coherent,kerr,BA2,0.1,4.0,0.0,1.0,0.9,0.0,1.482953881219185,98
pn_chain,coherent,kerr,BA2,0.1,4.0,0.0,1.0,0.9,0.1,1.313106533264595,98
pn_chain,coherent,kerr,BA2,0.1,4.0,0.0,1.0,0.9,0.3,0.7591096751452756,98
pn_chain,squeezed,shear,BA1,2.0,4.0,0.0,1.0,0.9,0.0,3.286485224359929,430
pn_chain,squeezed,shear,BA1,2.0,4.0,0.0,1.0,0.9,0.1,2.6958767070880088,430
pn_chain,squeezed,shear,BA1,2.0,4.0,0.0,1.0,0.9,0.3,1.5660413752608688,602
pn_chain,squeezed,shear,BA2,2.0,4.0,0.0,1.0,0.9,0.0,3.2864852243599345,430
pn_chain,squeezed,shear,BA2,2.0,4.0,0.0,1.0,0.9,0.1,2.695876707087994,430
pn_chain,squeezed,shear,BA2,2.0,4.0,0.0,1.0,0.9,0.3,1.5660413752608648,602
pn_chain,squeezed,kerr,BA1,0.1,4.0,0.0,1.0,0.9,0.0,8.335325453434194,98
pn_chain,squeezed,kerr,BA1,0.1,4.0,0.0,1.0,0.9,0.1,6.1226415283681765,98
pn_chain,squeezed,kerr,BA1,0.1,4.0,0.0,1.0,0.9,0.3,4.261154758294252,98
pn_chain,squeezed,kerr,BA2,0.1,4.0,0.0,1.0,0.9,0.0,27.439998827096495,138
pn_chain,squeezed,kerr,BA2,0.1,4.0,0.0,1.0,0.9,0.1,11.79471249403912,98
pn_chain,squeezed,kerr,BA2,0.1,4.0,0.0,1.0,0.9,0.3,4.965285050728468,98
pn_chain,fock,shear,BA1,2.0,4.0,0.0,1.0,0.9,0.0,3.8618502251595217,219
pn_chain,fock,shear,BA1,2.0,4.0,0.0,1.0,0.9,0.1,3.86185022515952,219
pn_chain,fock,shear,BA1,2.0,4.0,0.0,1.0,0.9,0.3,3.86185022515952,219
pn_chain,fock,shear,BA2,2.0,4.0,0.0,1.0,0.9,0.0,3.8618502251594413,219
pn_chain,fock,shear,BA2,2.0,4.0,0.0,1.0,0.9,0.1,3.8618502251594413,219
pn_chain,fock,shear,BA2,2.0,4.0,0.0,1.0,0.9,0.3,3.8618502251594413,219
pn_chain,fock,kerr,BA1,0.1,4.0,0.0,1.0,0.9,0.0,7.997184957713715,98
pn_chain,fock,kerr,BA1,0.1,4.0,0.0,1.0,0.9,0.1,7.997184957713715,98
pn_chain,fock,kerr,BA1,0.1,4.0,0.0,1.0,0.9,0.3,7.997184957713715,98
pn_chain,fock,kerr,BA2,0.1,4.0,0.0,1.0,0.9,0.0,8.095649320572146,98
pn_chain,fock,kerr,BA2,0.1,4.0,0.0,1.0,0.9,0.1,8.095649320572146,98
pn_chain,fock,kerr,BA2,0.1,4.0,0.0,1.0,0.9,0.3,8.095649320572146,98
pn_chain,cat,shear,BA1,2.0,4.0,0.0,1.0,0.9,0.0,1.5064257100754268,219
pn_chain,cat,shear,BA1,2.0,4.0,0.0,1.0,0.9,0.1,1.3779467757570172,219
pn_chain,cat,shear,BA1,2.0,4.0,0.0,1.0,0.9,0.3,1.015557847338888,219
pn_chain,cat,shear,BA2,2.0,4.0,0.0,1.0,0.9,0.0,1.5064257100754435,219
pn_chain,cat,shear,BA2,2.0,4.0,0.0,1.0,0.9,0.1,1.3779467757570334,219
pn_chain,cat,shear,BA2,2.0,4.0,0.0,1.0,0.9,0.3,1.015557847338892,219
pn_chain,cat,kerr,BA1,0.1,4.0,0.0,1.0,0.9,0.0,4.97679183645784,98
pn_chain,cat,kerr,BA1,0.1,4.0,0.0,1.0,0.9,0.1,4.883094186192582,98
pn_chain,cat,kerr,BA1,0.1,4.0,0.0,1.0,0.9,0.3,4.534728919757162,98
pn_chain,cat,kerr,BA2,0.1,4.0,0.0,1.0,0.9,0.0,9.7670360575192,98
pn_chain,cat,kerr,BA2,0.1,4.0,0.0,1.0,0.9,0.1,8.881837721453538,98
pn_chain,cat,kerr,BA2,0.1,4.0,0.0,1.0,0.9,0.3,6.720710134161694,98
pn_chain,sqz_cat,shear,BA1,2.0,4.0,0.0,1.0,0.9,0.0,3.281524444962328,430
pn_chain,sqz_cat,shear,BA1,2.0,4.0,0.0,1.0,0.9,0.1,2.6954676262174893,430
pn_chain,sqz_cat,shear,BA1,2.0,4.0,0.0,1.0,0.9,0.3,1.5404976971387105,430
pn_chain,sqz_cat,shear,BA2,2.0,4.0,0.0,1.0,0.9,0.0,3.2815244449623338,430
pn_chain,sqz_cat,shear,BA2,2.0,4.0,0.0,1.0,0.9,0.1,2.6954676262174986,430
pn_chain,sqz_cat,shear,BA2,2.0,4.0,0.0,1.0,0.9,0.3,1.540497697138705,430
pn_chain,sqz_cat,kerr,BA1,0.1,4.0,0.0,1.0,0.9,0.0,8.356756667871958,98
pn_chain,sqz_cat,kerr,BA1,0.1,4.0,0.0,1.0,0.9,0.1,6.190420326022392,98
pn_chain,sqz_cat,kerr,BA1,0.1,4.0,0.0,1.0,0.9,0.3,4.27561261562211,98
pn_chain,sqz_cat,kerr,BA2,0.1,4.0,0.0,1.0,0.9,0.0,26.176065366308528,98
pn_chain,sqz_cat,kerr,BA2,0.1,4.0,0.0,1.0,0.9,0.1,11.746017238524637,98
pn_chain,sqz_cat,kerr,BA2,0.1,4.0,0.0,1.0,0.9,0.3,5.0306475716539145,98
scaling,coherent,shear,lossless,0.0,1.0,0.0,1.0,1.0,0.0,1.9999999998000009,98
scaling,coherent,shear,lossless,0.0,2.0,0.0,1.0,1.0,0.0,1.9999999998,98
scaling,coherent,shear,lossless,0.0,4.0,0.0,1.0,1.0,0.0,1.9999999997999982,98
scaling,coherent,shear,lossless,0.0,8.0,0.0,1.0,1.0,0.0,1.9999999998,135
scaling,coherent,shear,lossless,0.0,16.0,0.0,1.0,1.0,0.0,1.9999999998000009,269
scaling,coherent,kerr,kerr_ba1,0.05,1.0,0.0,1.0,1.0,0.0,1.869583662661744,98
scaling,coherent,kerr,kerr_ba1,0.05,2.0,0.0,1.0,1.0,0.0,1.6301836631704922,98
scaling,coherent,kerr,kerr_ba1,0.05,4.0,0.0,1.0,1.0,0.0,1.1030902500164097,98
scaling,coherent,kerr,kerr_ba1,0.05,8.0,0.0,1.0,1.0,0.0,2.2709016720373256,135
scaling,coherent,kerr,kerr_ba1,0.05,16.0,0.0,1.0,1.0,0.0,20.140867784681106,269
scaling,coherent,shear,shear_detloss,2.0,1.0,0.0,1.0,0.8,0.0,0.97560969807499,98
scaling,coherent,shear,shear_detloss,2.0,2.0,0.0,1.0,0.8,0.0,0.975609698411261,118
scaling,coherent,shear,shear_detloss,2.0,4.0,0.0,1.0,0.8,0.0,0.9756097000027647,219
scaling,coherent,shear,shear_detloss,2.0,8.0,0.0,1.0,0.8,0.0,0.9756096999949841,420
scaling,coherent,shear,shear_detloss,2.0,16.0,0.0,1.0,0.8,0.0,0.975609699994505,824
scaling,squeezed,shear,lossless,0.0,1.0,0.0,1.0,1.0,0.0,11.656854242698104,98
scaling,squeezed,shear,lossless,0.0,2.0,0.0,1.0,1.0,0.0,19.79795872719429,98
scaling,squeezed,shear,lossless,0.0,4.0,0.0,1.0,1.0,0.0,35.88851151781654,138
scaling,squeezed,shear,lossless,0.0,8.0,0.0,1.0,1.0,0.0,67.9410718315706,265
scaling,squeezed,shear,lossless,0.0,16.0,0.0,1.0,1.0,0.0,131.96389855258323,377
scaling,squeezed,kerr,kerr_ba1,0.05,1.0,0.0,1.0,1.0,0.0,9.463100127144687,98
scaling,squeezed,kerr,kerr_ba1,0.05,2.0,0.0,1.0,1.0,0.0,12.758460932628857,98
scaling,squeezed,kerr,kerr_ba1,0.05,4.0,0.0,1.0,1.0,0.0,18.408952904145334,98
scaling,squeezed,kerr,kerr_ba1,0.05,8.0,0.0,1.0,1.0,0.0,32.66723423144069,189
scaling,squeezed,kerr,kerr_ba1,0.05,16.0,0.0,1.0,1.0,0.0,64.27346341824261,377
scaling,squeezed,shear,shear_detloss,2.0,1.0,0.0,1.0,0.8,0.0,1.4488585168635106,138
scaling,squeezed,shear,shear_detloss,2.0,2.0,0.0,1.0,0.8,0.0,1.5079650075667914,233
scaling,squeezed,shear,shear_detloss,2.0,4.0,0.0,1.0,0.8,0.0,1.5480216907705702,430
scaling,squeezed,shear,shear_detloss,2.0,8.0,0.0,1.0,0.8,0.0,1.572330525024542,588
scaling,squeezed,shear,shear_detloss,2.0,16.0,0.0,1.0,0.8,0.0,1.5859287149527534,824
scaling,fock,shear,lossless,0.0,1.0,0.0,1.0,1.0,0.0,5.999999998599998,98
scaling,fock,shear,lossless,0.0,2.0,0.0,1.0,1.0,0.0,9.9999999962,98
scaling,fock,shear,lossless,0.0,4.0,0.0,1.0,1.0,0.0,17.999999987799995,98
scaling,fock,shear,lossless,0.0,8.0,0.0,1.0,1.0,0.0,33.99999995659999,135
scaling,fock,shear,lossless,0.0,16.0,0.0,1.0,1.0,0.0,65.9999998366,269
scaling,fock,kerr,kerr_ba1,0.05,1.0,0.0,1.0,1.0,0.0,5.999999998599998,98
scaling,fock,kerr,kerr_ba1,0.05,2.0,0.0,1.0,1.0,0.0,9.999999996200003,98
scaling,fock,kerr,kerr_ba1,0.05,4.0,0.0,1.0,1.0,0.0,17.999999987799995,98
scaling,fock,kerr,kerr_ba1,0.05,8.0,0.0,1.0,1.0,0.0,33.9999999566,135
scaling,fock,kerr,kerr_ba1,0.05,16.0,0.0,1.0,1.0,0.0,65.9999998366,269
scaling,fock,shear,shear_detloss,2.0,1.0,0.0,1.0,0.8,0.0,1.4420051205794533,98
scaling,fock,shear,shear_detloss,2.0,2.0,0.0,1.0,0.8,0.0,1.8813128122644556,118
scaling,fock,shear,shear_detloss,2.0,4.0,0.0,1.0,0.8,0.0,2.5281730932382036,219
scaling,fock,shear,shear_detloss,2.0,8.0,0.0,1.0,0.8,0.0,3.206301286252023,420
scaling,fock,shear,shear_detloss,2.0,16.0,0.0,1.0,0.8,0.0,3.5315052916653578,824
scaling,cat,shear,lossless,0.0,1.0,0.0,1.0,1.0,0.0,10.79871455643255,98
scaling,cat,shear,lossless,0.0,2.0,0.0,1.0,1.0,0.0,18.261352543596743,98
scaling,cat,shear,lossless,0.0,4.0,0.0,1.0,1.0,0.0,34.01068114995869,98
scaling,cat,shear,lossless,0.0,8.0,0.0,1.0,1.0,0.0,66.00000705269024,135
scaling,cat,shear,lossless,0.0,16.0,0.0,1.0,1.0,0.0,129.99999942806818,269
scaling,cat,kerr,kerr_ba1,0.05,1.0,0.0,1.0,1.0,0.0,10.298025426915698,98
scaling,cat,kerr,kerr_ba1,0.05,2.0,0.0,1.0,1.0,0.0,16.527239726521877,98
scaling,cat,kerr,kerr_ba1,0.05,4.0,0.0,1.0,1.0,0.0,26.048844304396052,98
scaling,cat,kerr,kerr_ba1,0.05,8.0,0.0,1.0,1.0,0.0,28.08439548569848,135
scaling,cat,kerr,kerr_ba1,0.05,16.0,0.0,1.0,1.0,0.0,20.7786767137035,269
scaling,cat,shear,shear_detloss,2.0,1.0,0.0,1.0,0.8,0.0,1.2671734027917565,98
scaling,cat,shear,shear_detloss,2.0,2.0,0.0,1.0,0.8,0.0,1.1184773379397022,118
scaling,cat,shear,shear_detloss,2.0,4.0,0.0,1.0,0.8,0.0,0.9937683889858889,219
scaling,cat,shear,shear_detloss,2.0,8.0,0.0,1.0,0.8,0.0,0.9757870056734519,420
scaling,cat,shear,shear_detloss,2.0,16.0,0.0,1.0,0.8,0.0,0.9756097078258679,824
scaling,sqz_cat,shear,lossless,0.0,1.0,0.0,1.0,1.0,0.0,11.65436186105765,98
scaling,sqz_cat,shear,lossless,0.0,2.0,0.0,1.0,1.0,0.0,19.79501734796826,98
scaling,sqz_cat,shear,lossless,0.0,4.0,0.0,1.0,1.0,0.0,35.88587612937651,98
scaling,sqz_cat,shear,lossless,0.0,8.0,0.0,1.0,1.0,0.0,67.93922080941573,189
scaling,sqz_cat,shear,lossless,0.0,16.0,0.0,1.0,1.0,0.0,131.96851812713064,377
scaling,sqz_cat,kerr,kerr_ba1,0.05,1.0,0.0,1.0,1.0,0.0,9.666690982453353,98
scaling,sqz_cat,kerr,kerr_ba1,0.05,2.0,0.0,1.0,1.0,0.0,13.044918364566067,98
scaling,sqz_cat,kerr,kerr_ba1,0.05,4.0,0.0,1.0,1.0,0.0,18.05510741383669,98
scaling,sqz_cat,kerr,kerr_ba1,0.05,8.0,0.0,1.0,1.0,0.0,32.10406591924423,135
scaling,sqz_cat,kerr,kerr_ba1,0.05,16.0,0.0,1.0,1.0,0.0,64.07724704239457,269
scaling,sqz_cat,shear,shear_detloss,2.0,1.0,0.0,1.0,0.8,0.0,1.4480325165757204,138
scaling,sqz_cat,shear,shear_detloss,2.0,2.0,0.0,1.0,0.8,0.0,1.5067762537034233,233
scaling,sqz_cat,shear,shear_detloss,2.0,4.0,0.0,1.0,0.8,0.0,1.5469256258599675,430
scaling,sqz_cat,shear,shear_detloss,2.0,8.0,0.0,1.0,0.8,0.0,1.5713834324774913,588
scaling,sqz_cat,shear,shear_detloss,2.0,16.0,0.0,1.0,0.8,0.0,1.5853394211499967,824
